duration_seconds,cpu0_package_joules,cpu0_core_joules,cpu0_uncore_joules,cpu0_dram_joules,video,library
16.187550,62.667542,40.101257,0.190186,9.648682,540Kb,moviepy
11.467470,43.069153,33.517151,0.089172,6.865967,540Kb,moviepy
8.665949,27.491577,20.562622,0.064941,5.142517,540Kb,moviepy
8.441249,25.403870,18.685181,0.058777,4.932190,540Kb,moviepy
8.284108,24.841919,18.471375,0.046814,4.804810,540Kb,moviepy
9.205327,25.254089,18.791809,0.046814,5.175476,540Kb,moviepy
12.279250,31.185608,22.640015,0.005066,6.882263,540Kb,moviepy
9.636272,26.268677,19.549561,0.005066,5.419556,540Kb,moviepy
9.803181,27.344666,20.437378,0.005066,5.471985,540Kb,moviepy
7.671033,26.954163,20.361084,0.005066,4.299377,540Kb,moviepy
11.253752,28.427246,20.876465,0.005066,6.267273,540Kb,moviepy
7.684324,24.091248,18.184631,0.005066,4.385925,540Kb,moviepy
7.220163,23.118652,17.844299,0.005066,4.090698,540Kb,moviepy
7.707760,24.389404,18.590576,0.004150,4.374878,540Kb,moviepy
11.050178,28.616272,20.714111,0.004150,6.181763,540Kb,moviepy
11.460525,29.577271,21.493408,0.004150,6.407288,540Kb,moviepy
11.049527,30.643738,22.563721,0.004150,6.180969,540Kb,moviepy
10.334555,27.702271,20.579651,0.004150,5.812744,540Kb,moviepy
11.563600,34.175110,24.907898,0.004150,6.354431,540Kb,moviepy
8.591456,40.183533,30.826965,0.004395,4.607361,540Kb,moviepy
7.876218,27.217651,20.855042,0.004395,4.369690,540Kb,moviepy
7.293428,23.683044,17.885559,0.004395,4.134705,540Kb,moviepy
7.331154,26.802856,20.570068,0.004395,4.072937,540Kb,moviepy
7.253263,24.885925,19.084351,0.004395,4.082153,540Kb,moviepy
7.475501,24.339600,18.633972,0.004395,4.253235,540Kb,moviepy
12.792854,31.080627,22.347351,0.004395,7.113159,540Kb,moviepy
12.892550,31.467712,22.601074,0.004517,7.173035,540Kb,moviepy
11.464492,30.374268,22.166870,0.004517,6.402405,540Kb,moviepy
8.183602,24.826050,18.781616,0.004517,4.635681,540Kb,moviepy
7.828642,23.665833,17.753479,0.004517,4.403076,540Kb,moviepy
12.219215,31.100891,22.414612,0.004517,6.796936,540Kb,moviepy
7.390468,23.286743,17.776611,0.004517,4.186646,540Kb,moviepy
11.123750,29.067261,21.155029,0.003967,6.245667,540Kb,moviepy
11.971603,31.324219,22.921753,0.003967,6.692200,540Kb,moviepy
7.727295,24.172974,18.498718,0.003967,4.426331,540Kb,moviepy
10.692211,28.452637,20.885986,0.003967,5.993896,540Kb,moviepy
7.726722,25.618896,19.640869,0.003967,4.401428,540Kb,moviepy
11.099806,29.589722,21.788940,0.003967,6.201782,540Kb,moviepy
7.875149,24.617798,18.444824,0.004761,4.482422,540Kb,moviepy
7.568440,23.263916,17.785400,0.004761,4.273254,540Kb,moviepy
8.235736,24.748169,18.498596,0.004761,4.642944,540Kb,moviepy
7.950058,24.631104,18.821045,0.004761,4.468384,540Kb,moviepy
7.591978,23.575195,17.933472,0.004761,4.259277,540Kb,moviepy
7.431582,23.144409,17.789917,0.004761,4.204407,540Kb,moviepy
7.393946,23.411621,17.688232,0.004761,4.182861,540Kb,moviepy
11.109810,29.518921,21.600769,0.004333,6.237427,540Kb,moviepy
7.671696,24.082275,18.203308,0.004333,4.359619,540Kb,moviepy
6.959496,22.380920,17.097778,0.004333,3.959534,540Kb,moviepy
7.977839,23.728699,18.044983,0.004333,4.502625,540Kb,moviepy
11.561706,30.310059,22.456543,0.004333,6.415588,540Kb,moviepy
7.304527,23.271545,17.789612,0.004333,4.105835,540Kb,moviepy
7.728612,23.480591,17.671631,0.004333,4.354248,540Kb,moviepy
10.719115,29.023743,21.323486,0.004028,5.993530,540Kb,moviepy
11.360470,29.137695,21.198975,0.005737,6.338928,540Kb,moviepy
11.275105,29.270386,21.512573,0.004944,6.321106,540Kb,moviepy
8.593346,26.035400,19.651611,0.004944,4.873108,540Kb,moviepy
7.154461,22.374817,17.167725,0.004944,4.048462,540Kb,moviepy
12.783806,30.756470,21.954224,0.004944,7.087036,540Kb,moviepy
7.343044,30.073730,23.939636,0.006531,4.388611,540Kb,moviepy
9.148138,27.262634,20.535156,0.003174,5.161011,540Kb,moviepy
9.237761,25.341370,18.867554,0.003174,5.184448,540Kb,moviepy
7.726214,23.776123,18.041382,0.003174,4.370422,540Kb,moviepy
14.369512,34.067627,24.316284,0.003174,7.975525,540Kb,moviepy
7.549278,23.323914,17.662354,0.003174,4.253235,540Kb,moviepy
11.026495,28.418335,20.717468,0.004578,6.157776,540Kb,moviepy
9.278277,26.185242,19.455688,0.004578,5.215759,540Kb,moviepy
7.402670,24.255676,18.501953,0.004578,4.204163,540Kb,moviepy
7.766910,23.576416,17.724731,0.004578,4.376404,540Kb,moviepy
7.364377,22.904602,17.264893,0.004578,4.152039,540Kb,moviepy
7.591767,23.236633,17.724854,0.004578,4.277466,540Kb,moviepy
11.338834,29.670166,21.628601,0.004578,6.310608,540Kb,moviepy
7.571394,23.562744,17.691895,0.005005,4.297607,540Kb,moviepy
7.769449,23.072449,17.452637,0.005005,4.351196,540Kb,moviepy
7.401951,23.018616,17.398743,0.005005,4.197327,540Kb,moviepy
11.114271,30.307312,22.372437,0.005005,6.233276,540Kb,moviepy
7.671460,24.179199,18.327881,0.005005,4.385559,540Kb,moviepy
7.036501,22.360718,17.108093,0.005005,3.971252,540Kb,moviepy
7.381711,22.930908,17.403076,0.005005,4.173279,540Kb,moviepy
11.462182,30.238342,21.962769,0.005005,6.436951,540Kb,moviepy
7.709920,23.791016,18.052307,0.005005,4.349731,540Kb,moviepy
9.067032,25.274780,18.568970,0.005005,5.096436,540Kb,moviepy
13.099562,31.887207,23.081055,0.010864,7.269653,540Kb,moviepy
7.257141,23.373169,17.907776,0.010864,4.143616,540Kb,moviepy
7.973215,23.658203,17.813965,0.010864,4.495972,540Kb,moviepy
7.683304,23.796082,17.906250,0.010864,4.359253,540Kb,moviepy
10.232453,29.433472,21.977844,0.004639,5.750977,540Kb,moviepy
8.442927,26.142944,19.756714,0.004639,4.778870,540Kb,moviepy
7.513584,23.099976,17.678223,0.004639,4.266113,540Kb,moviepy
7.773817,23.786987,18.160950,0.004639,4.384033,540Kb,moviepy
14.212626,33.692871,24.292542,0.004639,7.891235,540Kb,moviepy
7.891801,23.944275,18.097778,0.004639,4.478943,540Kb,moviepy
11.562494,29.271240,21.377808,0.003723,6.441101,540Kb,moviepy
11.460891,29.938232,22.212646,0.003723,6.416748,540Kb,moviepy
9.412936,26.173523,19.272583,0.003723,5.271240,540Kb,moviepy
7.592029,23.356079,17.664612,0.003723,4.271484,540Kb,moviepy
7.449431,24.403076,18.644409,0.003723,4.238037,540Kb,moviepy
7.468084,23.395996,17.608215,0.003723,4.244385,540Kb,moviepy
12.072699,29.671814,21.666199,0.003723,6.679565,540Kb,moviepy
8.696092,26.387817,19.648132,0.004639,4.881165,540Kb,moviepy
7.666150,24.163147,18.491516,0.004639,4.330505,540Kb,moviepy
9.616547,34.910645,26.585632,0.119019,5.907715,540Kb,opencv
10.026942,27.473145,19.623840,0.076416,5.801270,540Kb,opencv
7.568574,24.543030,18.074829,0.056091,4.456848,540Kb,opencv
10.539052,28.206177,19.922058,0.080017,6.088867,540Kb,opencv
7.465507,24.510071,18.111938,0.054688,4.373291,540Kb,opencv
8.202497,23.892395,17.581055,0.043823,4.690613,540Kb,opencv
11.133831,27.464172,20.112183,0.004883,6.154846,540Kb,opencv
11.151376,28.879028,21.470825,0.004883,6.217529,540Kb,opencv
7.722173,23.083740,17.475098,0.004883,4.317749,540Kb,opencv
11.711124,28.681396,20.740417,0.004883,6.465271,540Kb,opencv
7.879070,23.446899,17.693665,0.004883,4.408630,540Kb,opencv
8.389406,24.806702,18.567932,0.004883,4.704590,540Kb,opencv
12.075013,29.093262,20.854919,0.004639,6.684753,540Kb,opencv
7.945845,23.340759,17.367493,0.004639,4.456482,540Kb,opencv
8.012177,24.112976,18.128052,0.004639,4.457397,540Kb,opencv
10.531837,26.796692,19.628113,0.004639,5.825256,540Kb,opencv
12.284897,29.665039,21.567078,0.004639,6.808105,540Kb,opencv
7.466308,22.755920,17.139771,0.004639,4.173706,540Kb,opencv
7.569077,23.053162,17.383606,0.005127,4.229126,540Kb,opencv
8.182922,22.803894,17.066833,0.005127,4.516418,540Kb,opencv
12.996596,30.264404,21.589966,0.005127,7.147217,540Kb,opencv
9.611822,26.486145,19.363464,0.005127,5.327698,540Kb,opencv
9.722093,24.961365,18.410278,0.005127,5.378601,540Kb,opencv
7.568903,22.335571,16.705688,0.005127,4.207214,540Kb,opencv
8.875741,24.382690,17.990356,0.005127,4.939514,540Kb,opencv
7.695842,23.202271,17.540710,0.003784,4.310364,540Kb,opencv
10.493066,27.271362,19.885681,0.004272,5.870728,540Kb,opencv
9.352113,25.450562,19.056885,0.004272,5.234131,540Kb,opencv
10.943357,28.433899,20.857483,0.007812,6.060913,540Kb,opencv
7.875923,23.675903,17.758057,0.003845,4.400879,540Kb,opencv
11.560689,28.763184,20.532471,0.004639,6.403198,540Kb,opencv
12.808279,31.539246,22.604309,0.015320,7.129150,540Kb,opencv
6.833620,23.373474,17.579468,0.010864,3.833496,540Kb,opencv
11.669161,28.174683,20.396851,0.004333,6.444702,540Kb,opencv
10.641397,28.195862,20.757141,0.004333,5.892944,540Kb,opencv
7.346699,22.540833,16.901611,0.003784,4.138611,540Kb,opencv
7.486095,22.497131,16.884705,0.003784,4.206665,540Kb,opencv
11.771020,28.611267,20.738342,0.003906,6.511230,540Kb,opencv
8.641400,24.883484,18.678650,0.003906,4.799438,540Kb,opencv
11.766086,28.424011,20.541565,0.003906,6.494202,540Kb,opencv
10.385762,28.089722,20.592041,0.003906,5.784180,540Kb,opencv
9.406596,26.004089,19.319763,0.003906,5.249084,540Kb,opencv
7.237150,21.871887,16.537659,0.003906,4.042480,540Kb,opencv
7.470437,22.191284,16.642090,0.003906,4.190796,540Kb,opencv
7.822305,23.191589,17.205383,0.004822,4.388245,540Kb,opencv
8.350790,23.275940,17.229736,0.004822,4.638916,540Kb,opencv
7.273134,22.715393,17.506409,0.004822,4.103516,540Kb,opencv
7.361950,22.126160,16.850708,0.004822,4.151550,540Kb,opencv
11.975058,28.927979,20.858459,0.004822,6.597961,540Kb,opencv
10.536561,28.278381,20.888977,0.004822,5.867310,540Kb,opencv
12.485306,29.961670,21.362061,0.004028,6.895996,540Kb,opencv
11.464298,29.025757,20.953857,0.004272,6.347534,540Kb,opencv
12.996355,31.773499,22.908447,0.004272,7.210876,540Kb,opencv
7.466951,22.684326,17.021790,0.004272,4.180786,540Kb,opencv
10.853904,27.183716,19.706482,0.004272,5.991577,540Kb,opencv
8.178633,24.641785,18.614136,0.004272,4.573242,540Kb,opencv
12.586854,29.814636,21.413818,0.004822,6.982422,540Kb,opencv
10.439959,27.775635,20.106445,0.004150,5.835022,540Kb,opencv
7.670740,24.043213,18.253967,0.004578,4.340027,540Kb,opencv
11.809497,28.998535,20.657166,0.004456,6.526489,540Kb,opencv
8.040850,23.473938,17.689758,0.004028,4.520996,540Kb,opencv
8.389837,23.628113,17.707092,0.004028,4.688049,540Kb,opencv
10.129308,27.145630,20.070129,0.004761,5.642212,540Kb,opencv
7.469182,29.503845,23.610596,0.004761,4.388000,540Kb,opencv
11.566599,28.622375,20.857666,0.004761,6.402832,540Kb,opencv
7.466009,22.626892,17.003174,0.004761,4.146545,540Kb,opencv
10.539201,28.255066,20.889404,0.004761,5.851685,540Kb,opencv
7.159008,22.473328,17.012268,0.004761,4.026367,540Kb,opencv
12.893404,30.718140,21.736694,0.003723,7.143372,540Kb,opencv
9.619676,26.415344,19.526245,0.003723,5.368774,540Kb,opencv
10.741199,26.686584,19.467712,0.003723,5.946472,540Kb,opencv
7.578349,22.938293,17.242065,0.003723,4.250488,540Kb,opencv
7.863547,24.353271,18.391296,0.003723,4.349976,540Kb,opencv
10.803499,26.973999,19.724670,0.003723,5.967896,540Kb,opencv
7.812714,23.261292,17.477539,0.003723,4.375000,540Kb,opencv
6.953870,21.863037,16.437561,0.003357,3.886719,540Kb,opencv
7.980836,23.811279,18.050903,0.003357,4.473572,540Kb,opencv
7.364258,22.048523,16.838501,0.003357,4.154358,540Kb,opencv
7.569871,22.311035,16.793640,0.003357,4.202576,540Kb,opencv
12.482951,29.726868,21.354980,0.003357,6.855469,540Kb,opencv
8.126373,24.727783,18.737244,0.003357,4.535645,540Kb,opencv
12.749483,30.093628,21.454102,0.005127,7.033142,540Kb,opencv
8.278329,24.122009,17.971008,0.005127,4.629028,540Kb,opencv
12.995888,31.268860,22.359009,0.005127,7.162048,540Kb,opencv
7.570907,22.542908,17.033691,0.005127,4.228699,540Kb,opencv
7.466680,22.489075,17.061157,0.005127,4.173889,540Kb,opencv
10.630954,27.271423,20.028259,0.005127,5.900940,540Kb,opencv
8.705878,25.484619,19.123718,0.005127,4.899414,540Kb,opencv
9.718376,25.559998,18.908752,0.005371,5.429993,540Kb,opencv
10.128762,26.291199,19.106750,0.005371,5.592590,540Kb,opencv
12.278201,30.464722,22.181519,0.005371,6.788452,540Kb,opencv
9.068568,25.050903,18.559814,0.005371,5.061035,540Kb,opencv
9.860112,25.737793,18.925354,0.005371,5.503906,540Kb,opencv
8.595409,24.870422,18.603821,0.005371,4.807312,540Kb,opencv
10.745154,27.704041,20.049316,0.005432,5.974304,540Kb,opencv
9.003009,25.175415,18.513794,0.005432,5.048828,540Kb,opencv
11.356943,28.056335,20.264526,0.005432,6.306702,540Kb,opencv
11.459111,29.810913,21.958984,0.005432,6.403015,540Kb,opencv
8.797923,24.477722,18.342102,0.005432,4.932678,540Kb,opencv
8.391529,24.109985,17.882202,0.005432,4.694763,540Kb,opencv
4.342122,10.798218,7.263855,0.081299,2.585449,540Kb,ffmpeg
5.865867,12.447327,8.203369,0.036011,3.323853,540Kb,ffmpeg
4.418771,10.341492,6.965027,0.036499,2.541809,540Kb,ffmpeg
7.721982,15.443542,9.811523,0.059509,4.392090,540Kb,ffmpeg
3.665134,9.034973,6.197388,0.031860,2.114624,540Kb,ffmpeg
5.501934,12.961670,8.865112,0.039062,3.170227,540Kb,ffmpeg
6.438179,13.467651,8.684387,0.053162,3.667908,540Kb,ffmpeg
3.777819,9.295410,6.354919,0.029053,2.179749,540Kb,ffmpeg
6.401686,13.185059,8.574341,0.061157,3.650085,540Kb,ffmpeg
3.999574,9.507812,6.670593,0.017517,2.262085,540Kb,ffmpeg
4.585070,9.914368,6.921509,0.017517,2.544373,540Kb,ffmpeg
4.216588,9.360962,6.527100,0.017517,2.315125,540Kb,ffmpeg
6.565356,13.427429,9.294861,0.017517,3.597107,540Kb,ffmpeg
4.277373,9.461060,6.710754,0.017517,2.344116,540Kb,ffmpeg
3.706643,8.758057,6.248840,0.017517,2.052124,540Kb,ffmpeg
5.634255,11.378052,7.730042,0.017517,3.091919,540Kb,ffmpeg
4.039712,9.167114,6.429565,0.017517,2.259094,540Kb,ffmpeg
3.984930,9.268005,6.520813,0.017517,2.217590,540Kb,ffmpeg
4.342797,9.588135,6.804626,0.017517,2.394409,540Kb,ffmpeg
5.573600,12.146118,8.525208,0.017517,3.064148,540Kb,ffmpeg
5.284841,10.778931,7.376404,0.017517,2.911377,540Kb,ffmpeg
6.636017,12.844849,8.560059,0.003540,3.653625,540Kb,ffmpeg
5.512412,11.107239,7.639404,0.003540,3.015015,540Kb,ffmpeg
5.062723,10.534302,7.195679,0.003540,2.783325,540Kb,ffmpeg
5.560133,12.105835,8.481750,0.003540,3.053589,540Kb,ffmpeg
5.465280,10.846558,7.410156,0.003540,2.980042,540Kb,ffmpeg
5.015949,10.294922,7.234985,0.003540,2.749634,540Kb,ffmpeg
5.245072,10.863892,7.436523,0.003540,2.875732,540Kb,ffmpeg
3.953621,9.081665,6.455933,0.003540,2.197327,540Kb,ffmpeg
3.831710,8.846436,6.237610,0.003540,2.116150,540Kb,ffmpeg
6.323278,12.246460,8.297180,0.003540,3.458191,540Kb,ffmpeg
5.829208,12.479980,8.722229,0.003540,3.197205,540Kb,ffmpeg
3.750985,8.650208,6.210754,0.003540,2.075562,540Kb,ffmpeg
4.501633,9.747559,6.670471,0.004639,2.488770,540Kb,ffmpeg
4.025931,9.051270,6.328796,0.004639,2.218567,540Kb,ffmpeg
6.330581,12.212524,8.211487,0.004639,3.473389,540Kb,ffmpeg
5.825730,11.553101,7.844727,0.004639,3.179077,540Kb,ffmpeg
6.539293,13.611267,9.360901,0.004639,3.579956,540Kb,ffmpeg
7.081229,14.150818,9.434998,0.004639,3.867920,540Kb,ffmpeg
4.301866,9.606995,6.682495,0.004639,2.384216,540Kb,ffmpeg
4.632417,10.005432,6.950867,0.004639,2.558472,540Kb,ffmpeg
5.213126,10.656372,7.336548,0.004211,2.873474,540Kb,ffmpeg
6.654770,12.826233,8.552002,0.005188,3.654175,540Kb,ffmpeg
3.982232,9.855591,7.136597,0.005188,2.223450,540Kb,ffmpeg
3.868499,8.845764,6.178345,0.004578,2.144226,540Kb,ffmpeg
3.557356,14.743042,12.059021,0.004578,2.204468,540Kb,ffmpeg
5.124770,11.025452,7.748535,0.004578,2.839905,540Kb,ffmpeg
6.869072,13.592957,9.113953,0.005005,3.767090,540Kb,ffmpeg
4.192029,9.260254,6.523682,0.005005,2.304138,540Kb,ffmpeg
4.189131,9.182556,6.484497,0.005005,2.308655,540Kb,ffmpeg
4.618124,12.574524,9.050171,0.005005,2.532837,540Kb,ffmpeg
5.680128,11.189697,7.644165,0.005310,3.125793,540Kb,ffmpeg
5.241219,10.916504,7.555237,0.005127,2.889709,540Kb,ffmpeg
5.541211,11.104553,7.608887,0.005127,3.029724,540Kb,ffmpeg
6.470014,12.250671,8.212952,0.005127,3.509155,540Kb,ffmpeg
5.576760,11.118469,7.528015,0.005127,3.049805,540Kb,ffmpeg
4.010365,9.878601,7.213562,0.003845,2.233765,540Kb,ffmpeg
4.506280,9.867432,6.918030,0.003845,2.490356,540Kb,ffmpeg
6.718284,12.725342,8.570374,0.003845,3.654907,540Kb,ffmpeg
4.391548,9.606384,6.670715,0.003845,2.424500,540Kb,ffmpeg
3.574366,8.566711,6.029663,0.003845,1.974792,540Kb,ffmpeg
4.052198,9.211487,6.463684,0.003845,2.242554,540Kb,ffmpeg
6.221095,11.948975,8.087402,0.003845,3.380615,540Kb,ffmpeg
4.239710,10.135376,7.316650,0.003845,2.337219,540Kb,ffmpeg
4.548987,9.661926,6.744202,0.003845,2.494873,540Kb,ffmpeg
6.180910,11.944763,8.082031,0.003845,3.373108,540Kb,ffmpeg
4.185998,9.516113,6.648315,0.003174,2.328674,540Kb,ffmpeg
4.328000,14.919983,10.785828,0.003174,2.289429,540Kb,ffmpeg
4.461251,10.562683,7.299683,0.005066,2.452637,540Kb,ffmpeg
4.144756,9.339844,6.566528,0.003723,2.296936,540Kb,ffmpeg
3.993481,9.991089,7.273560,0.003723,2.231079,540Kb,ffmpeg
6.828084,13.359314,8.993164,0.003845,3.771790,540Kb,ffmpeg
4.250144,9.501709,6.669373,0.003845,2.340881,540Kb,ffmpeg
3.678757,8.547974,6.046997,0.003845,2.034546,540Kb,ffmpeg
6.247925,12.083923,8.098206,0.003845,3.404419,540Kb,ffmpeg
4.083297,9.095215,6.467346,0.003845,2.246948,540Kb,ffmpeg
3.632060,8.477417,6.039551,0.003845,2.001282,540Kb,ffmpeg
4.913840,11.751587,8.530029,0.003845,2.719360,540Kb,ffmpeg
5.505370,11.079102,7.600464,0.003845,3.008423,540Kb,ffmpeg
7.906256,14.528687,9.520447,0.003845,4.296753,540Kb,ffmpeg
4.007313,8.981506,6.304138,0.005371,2.221985,540Kb,ffmpeg
4.175058,9.107239,6.365540,0.005371,2.293518,540Kb,ffmpeg
4.307760,9.323792,6.504211,0.005371,2.382080,540Kb,ffmpeg
5.559768,12.154480,8.566833,0.005371,3.066040,540Kb,ffmpeg
5.108109,10.446960,7.233948,0.005371,2.805176,540Kb,ffmpeg
4.861379,10.160095,7.019409,0.005371,2.666382,540Kb,ffmpeg
3.516649,9.700195,6.966431,0.005371,1.937256,540Kb,ffmpeg
6.750228,12.883118,8.601685,0.003845,3.710449,540Kb,ffmpeg
4.510317,9.606750,6.657532,0.003845,2.492432,540Kb,ffmpeg
3.998078,9.114380,6.368958,0.003845,2.204895,540Kb,ffmpeg
3.870868,9.564697,6.940308,0.003845,2.139221,540Kb,ffmpeg
6.671390,12.360535,8.359680,0.003845,3.646057,540Kb,ffmpeg
4.185924,9.339600,6.583008,0.003845,2.304688,540Kb,ffmpeg
6.811548,13.228455,8.843628,0.010010,3.740662,540Kb,ffmpeg
4.993275,10.523132,7.269226,0.005554,2.755310,540Kb,ffmpeg
3.951892,9.033691,6.345093,0.005554,2.190918,540Kb,ffmpeg
5.178978,10.564392,7.253479,0.005554,2.844482,540Kb,ffmpeg
5.563431,12.026245,8.422180,0.005554,3.050354,540Kb,ffmpeg
3.710375,8.628662,6.147217,0.005554,2.047546,540Kb,ffmpeg
5.209614,10.571838,7.285461,0.005005,2.870300,540Kb,ffmpeg
11.465040,31.348389,22.016357,0.141602,6.750854,540Kb,imageio
7.384664,25.075745,18.346680,0.059143,4.384399,540Kb,imageio
17.995842,40.975220,27.704285,0.139832,10.308044,540Kb,imageio
11.253787,30.712463,21.878906,0.098511,6.552063,540Kb,imageio
10.850307,29.592407,21.882812,0.016785,6.145508,540Kb,imageio
7.364780,23.217041,17.656006,0.016785,4.193665,540Kb,imageio
7.300726,22.460999,17.116150,0.016785,4.116394,540Kb,imageio
11.012978,28.829224,21.035217,0.004578,6.152649,540Kb,imageio
7.905035,24.603516,18.553223,0.005554,4.480896,540Kb,imageio
13.070759,31.374451,22.336548,0.009949,7.254822,540Kb,imageio
7.371520,23.676453,17.914978,0.009949,4.174194,540Kb,imageio
7.261906,23.796143,18.266052,0.009949,4.116516,540Kb,imageio
7.163562,23.132874,17.608154,0.005066,4.092957,540Kb,imageio
7.464503,23.237976,17.737000,0.004822,4.239563,540Kb,imageio
11.152325,29.063049,21.209351,0.004822,6.216919,540Kb,imageio
7.464272,24.712158,18.698425,0.005371,4.254150,540Kb,imageio
9.142426,24.949036,18.678528,0.005371,5.095581,540Kb,imageio
7.532434,22.719299,17.205811,0.005371,4.226257,540Kb,imageio
8.905107,24.859619,18.703918,0.005371,4.984741,540Kb,imageio
7.469877,24.095398,18.254578,0.005371,4.209473,540Kb,imageio
7.882824,23.508667,17.652283,0.005371,4.441711,540Kb,imageio
11.131830,28.918762,21.078491,0.005371,6.191528,540Kb,imageio
7.377400,23.747986,17.882263,0.004944,4.224487,540Kb,imageio
12.283575,30.370728,22.316772,0.004944,6.843018,540Kb,imageio
11.562371,29.474792,21.409485,0.004944,6.412537,540Kb,imageio
11.458016,29.249573,21.282166,0.004944,6.373413,540Kb,imageio
7.979825,25.080200,18.952026,0.004883,4.504883,540Kb,imageio
6.851710,22.282349,17.085144,0.004211,3.895264,540Kb,imageio
11.358511,28.623840,20.801086,0.004578,6.330627,540Kb,imageio
10.748654,29.276672,21.871033,0.004578,6.028076,540Kb,imageio
7.468507,23.495789,17.975647,0.004578,4.253418,540Kb,imageio
10.948403,28.582764,20.855713,0.004578,6.135986,540Kb,imageio
10.030656,26.765381,19.819641,0.005005,5.612305,540Kb,imageio
7.774121,25.296204,19.351807,0.005249,4.431946,540Kb,imageio
12.779278,37.597778,28.637512,0.009216,7.292419,540Kb,imageio
7.376678,23.749756,18.325806,0.004150,4.205261,540Kb,imageio
6.929533,23.541077,18.278320,0.005127,3.958496,540Kb,imageio
7.073490,22.609192,17.136414,0.004578,4.009033,540Kb,imageio
11.443341,29.316772,21.059204,0.004272,6.370117,540Kb,imageio
7.166162,22.763367,17.386780,0.004272,4.066406,540Kb,imageio
9.936122,27.468689,20.518433,0.004700,5.595947,540Kb,imageio
12.586954,30.501648,22.100220,0.004028,7.032043,540Kb,imageio
11.357802,29.545105,21.578491,0.004028,6.341003,540Kb,imageio
7.441635,24.884766,18.891968,0.005493,4.249390,540Kb,imageio
9.130640,25.616821,18.995361,0.003601,5.130859,540Kb,imageio
11.766922,30.465271,22.049744,0.003601,6.542542,540Kb,imageio
7.774345,23.885986,18.198853,0.004272,4.412048,540Kb,imageio
9.314433,26.670105,19.886169,0.003967,5.239868,540Kb,imageio
7.568515,23.432190,17.885681,0.003967,4.290222,540Kb,imageio
7.569719,23.386414,17.736206,0.003967,4.300598,540Kb,imageio
7.461551,23.713928,17.809875,0.003967,4.222961,540Kb,imageio
11.356413,30.196289,22.077271,0.003967,6.334595,540Kb,imageio
10.743693,28.107483,20.577576,0.003967,6.019226,540Kb,imageio
7.708293,23.788147,17.870483,0.003967,4.341736,540Kb,imageio
7.735767,24.185059,18.393372,0.004761,4.356018,540Kb,imageio
7.261868,23.022034,17.607971,0.004761,4.142151,540Kb,imageio
11.458416,29.432068,21.451965,0.004761,6.375732,540Kb,imageio
11.866274,30.982971,22.752502,0.004761,6.600098,540Kb,imageio
11.153045,30.006958,21.733215,0.005127,6.248657,540Kb,imageio
7.569098,23.574402,18.009216,0.005127,4.308716,540Kb,imageio
10.540243,27.533264,20.092590,0.003967,5.872437,540Kb,imageio
9.513155,27.028259,20.254211,0.003967,5.349670,540Kb,imageio
7.854593,23.316528,17.552429,0.003967,4.412842,540Kb,imageio
6.953139,22.391663,17.063171,0.003967,3.957703,540Kb,imageio
7.487054,22.752625,17.365051,0.003967,4.219604,540Kb,imageio
11.039365,28.702698,21.189636,0.003967,6.158081,540Kb,imageio
7.472950,23.202942,17.569580,0.003967,4.233765,540Kb,imageio
11.159195,28.352844,20.732056,0.004822,6.234253,540Kb,imageio
7.566353,24.878540,18.895203,0.004822,4.303650,540Kb,imageio
7.437363,23.336426,17.743591,0.004822,4.220581,540Kb,imageio
10.567723,27.104797,20.064575,0.004822,5.890930,540Kb,imageio
7.882880,24.081848,18.032166,0.004822,4.454529,540Kb,imageio
7.459284,23.798767,18.281738,0.004822,4.216858,540Kb,imageio
7.566862,23.540833,17.680298,0.004822,4.267761,540Kb,imageio
7.671618,24.300476,18.228516,0.008972,4.323242,540Kb,imageio
7.979702,23.751282,17.978882,0.008972,4.484863,540Kb,imageio
8.387929,25.157410,19.105591,0.008972,4.743652,540Kb,imageio
7.568273,23.189270,17.652100,0.008972,4.266785,540Kb,imageio
11.152570,29.143372,21.072144,0.008972,6.232239,540Kb,imageio
7.260346,23.329285,17.689758,0.008972,4.156372,540Kb,imageio
6.978282,23.095703,17.939209,0.008972,3.963989,540Kb,imageio
11.127102,28.058533,20.520752,0.005493,6.161316,540Kb,imageio
7.739523,23.976868,18.111450,0.005493,4.365784,540Kb,imageio
7.502143,23.055298,17.479675,0.005493,4.254517,540Kb,imageio
12.586135,31.198303,22.757141,0.005493,6.981079,540Kb,imageio
8.901708,25.802917,19.393127,0.005493,5.018860,540Kb,imageio
11.254345,29.003235,21.011963,0.005493,6.309021,540Kb,imageio
7.761809,24.815979,18.893311,0.004578,4.417847,540Kb,imageio
10.754886,27.716980,20.305054,0.004578,5.997131,540Kb,imageio
10.948849,28.223511,20.943970,0.004578,6.104980,540Kb,imageio
7.466284,26.870972,20.473267,0.004578,4.136902,540Kb,imageio
7.708538,24.619995,18.764771,0.004578,4.337463,540Kb,imageio
11.028675,28.791565,20.817505,0.004578,6.176208,540Kb,imageio
9.191500,26.302979,19.383789,0.004578,5.124939,540Kb,imageio
12.177483,31.409485,22.929932,0.004761,6.814453,540Kb,imageio
8.286076,24.767456,18.326782,0.004761,4.662720,540Kb,imageio
7.773114,23.660400,17.859924,0.004761,4.373291,540Kb,imageio
13.098281,32.117371,23.444031,0.004761,7.255859,540Kb,imageio
11.051378,28.789490,21.113831,0.004761,6.159729,540Kb,imageio
12.692411,33.864197,24.475647,0.004517,7.025208,540Kb,imageio
4.538903,9.957397,6.429626,0.081909,2.683655,36Kb,imageio
4.648485,10.763794,7.287842,0.038147,2.699402,36Kb,imageio
4.574434,9.403931,6.077515,0.032227,2.594482,36Kb,imageio
5.782557,11.876465,7.536987,0.052246,3.300720,36Kb,imageio
4.559725,9.540588,6.182251,0.037292,2.619080,36Kb,imageio
4.430096,9.206970,5.942688,0.034973,2.527771,36Kb,imageio
3.381869,7.645020,5.092041,0.026672,1.952820,36Kb,imageio
4.525053,9.352356,6.072571,0.031494,2.579407,36Kb,imageio
5.422937,11.740295,7.755554,0.043335,3.112000,36Kb,imageio
4.569164,9.264526,5.986694,0.038330,2.621643,36Kb,imageio
4.816042,9.686462,6.224487,0.033081,2.738586,36Kb,imageio
4.518653,8.578979,5.750916,0.033081,2.486511,36Kb,imageio
3.835969,7.800598,5.359131,0.033081,2.117310,36Kb,imageio
4.495846,8.546814,5.753296,0.033081,2.460876,36Kb,imageio
4.716682,8.987793,5.991089,0.033081,2.583984,36Kb,imageio
4.401851,9.380737,6.578613,0.033081,2.434814,36Kb,imageio
5.668309,10.515686,6.958618,0.005005,3.129395,36Kb,imageio
4.874599,9.067200,6.041016,0.005005,2.672424,36Kb,imageio
3.018074,6.625427,4.608643,0.005005,1.676453,36Kb,imageio
5.936807,11.042969,7.286316,0.005005,3.266541,36Kb,imageio
3.125581,7.005554,4.899231,0.005005,1.743347,36Kb,imageio
4.563382,8.804382,5.916138,0.005005,2.500977,36Kb,imageio
4.828947,10.202637,7.059265,0.005005,2.660217,36Kb,imageio
4.557132,8.955627,6.065857,0.005005,2.512939,36Kb,imageio
4.509207,8.614929,5.795654,0.005005,2.470276,36Kb,imageio
3.629576,7.385315,5.063416,0.005005,1.996155,36Kb,imageio
4.711425,8.917725,5.968933,0.005005,2.585999,36Kb,imageio
4.550790,8.958130,6.049316,0.005005,2.501770,36Kb,imageio
4.502082,8.561890,5.779785,0.005005,2.470398,36Kb,imageio
3.896279,7.856995,5.330627,0.005005,2.153503,36Kb,imageio
2.984951,7.922607,5.805847,0.005066,1.702881,36Kb,imageio
4.832765,9.194702,6.098389,0.005066,2.646240,36Kb,imageio
2.980504,6.647888,4.637268,0.005066,1.655273,36Kb,imageio
4.592362,8.762268,5.889832,0.005066,2.512329,36Kb,imageio
3.055198,6.888428,4.844666,0.005066,1.719177,36Kb,imageio
4.532708,8.762329,5.824097,0.005066,2.479736,36Kb,imageio
4.504028,8.689148,5.812317,0.005066,2.469238,36Kb,imageio
3.149986,6.989441,4.876953,0.005066,1.767456,36Kb,imageio
4.001664,8.805481,6.230896,0.005066,2.211975,36Kb,imageio
4.560176,8.790527,5.928467,0.005066,2.508301,36Kb,imageio
4.544546,8.772095,5.887024,0.005066,2.497925,36Kb,imageio
5.631553,10.314941,6.819336,0.005066,3.070618,36Kb,imageio
4.750027,9.175415,6.165771,0.005066,2.602478,36Kb,imageio
4.607052,8.886047,5.994812,0.005066,2.522583,36Kb,imageio
5.417547,9.820679,6.443970,0.004700,2.982422,36Kb,imageio
4.634028,9.635803,6.716370,0.004700,2.542053,36Kb,imageio
3.229976,7.071289,4.908142,0.004700,1.794128,36Kb,imageio
5.356450,9.744507,6.466431,0.004700,2.943237,36Kb,imageio
4.664036,8.877380,6.081421,0.004700,2.566711,36Kb,imageio
3.097542,6.982666,4.869385,0.004700,1.728333,36Kb,imageio
4.583739,8.703003,5.898499,0.004700,2.515381,36Kb,imageio
4.562872,8.689697,5.857971,0.004700,2.512451,36Kb,imageio
4.599482,8.571106,5.797119,0.004700,2.519592,36Kb,imageio
3.070889,7.606140,5.554199,0.004700,1.710876,36Kb,imageio
4.695720,8.773438,5.966858,0.004700,2.573181,36Kb,imageio
3.680847,7.531616,5.194336,0.004700,2.036011,36Kb,imageio
4.624988,15.444153,12.220032,0.004700,2.748230,36Kb,imageio
4.280931,8.800293,6.085083,0.004700,2.355652,36Kb,imageio
4.545643,9.203369,6.329041,0.005859,2.524780,36Kb,imageio
5.660360,10.355408,6.962158,0.005859,3.101685,36Kb,imageio
5.550975,11.124512,7.752686,0.005859,3.063232,36Kb,imageio
4.802179,8.868225,6.012451,0.005859,2.624634,36Kb,imageio
5.627764,10.275696,6.866821,0.005859,3.082764,36Kb,imageio
4.778530,8.933655,6.044189,0.005859,2.621704,36Kb,imageio
3.717249,7.646484,5.316833,0.005859,2.043945,36Kb,imageio
5.588914,10.025208,6.613281,0.005859,3.062744,36Kb,imageio
4.676425,8.902222,6.041443,0.005859,2.574707,36Kb,imageio
4.507656,9.560547,6.750183,0.005859,2.482727,36Kb,imageio
4.383236,8.517578,5.781494,0.005859,2.421631,36Kb,imageio
2.915853,7.063171,5.033997,0.005859,1.624084,36Kb,imageio
4.636422,8.904358,5.985840,0.003784,2.549438,36Kb,imageio
3.421428,7.167419,4.984375,0.003784,1.884094,36Kb,imageio
3.214365,6.829590,4.785400,0.003784,1.771484,36Kb,imageio
4.705027,9.107117,6.182617,0.003784,2.592102,36Kb,imageio
4.607745,8.843994,5.978271,0.003784,2.513000,36Kb,imageio
5.516929,11.140991,7.698364,0.003784,3.019836,36Kb,imageio
2.914739,6.685913,4.767578,0.003784,1.618408,36Kb,imageio
5.477695,10.120544,6.718323,0.003784,2.989746,36Kb,imageio
4.581996,9.049805,6.148010,0.003784,2.522949,36Kb,imageio
4.600993,8.967041,6.103149,0.003784,2.521484,36Kb,imageio
4.267180,8.390320,5.784363,0.003784,2.334595,36Kb,imageio
3.020446,6.766907,4.742737,0.003784,1.677795,36Kb,imageio
4.361328,9.302612,6.584167,0.003784,2.399475,36Kb,imageio
5.521968,9.975647,6.631531,0.003784,3.015076,36Kb,imageio
5.540668,10.349915,6.804504,0.003967,3.046997,36Kb,imageio
4.032854,8.110291,5.504211,0.003967,2.220276,36Kb,imageio
4.873900,9.587769,6.463928,0.003967,2.695984,36Kb,imageio
4.479987,8.718628,5.925903,0.003967,2.469421,36Kb,imageio
5.621828,10.037415,6.679688,0.003967,3.061646,36Kb,imageio
4.518661,9.519226,6.717407,0.003967,2.516785,36Kb,imageio
3.108930,8.141663,5.727295,0.005676,1.741150,36Kb,imageio
4.182412,8.331665,5.674683,0.005676,2.299622,36Kb,imageio
4.931921,9.445496,6.300781,0.004639,2.716919,36Kb,imageio
5.623906,10.241089,6.792297,0.004639,3.092529,36Kb,imageio
5.630874,10.436279,6.954590,0.004639,3.092896,36Kb,imageio
4.597739,8.949280,6.073914,0.004639,2.514404,36Kb,imageio
3.219213,7.722046,5.566101,0.004639,1.797852,36Kb,imageio
4.552895,8.860962,5.995605,0.004028,2.519043,36Kb,imageio
3.568191,7.535217,5.203186,0.004028,1.980713,36Kb,imageio
3.061766,6.680725,4.686035,0.004028,1.697327,36Kb,imageio
4.642572,10.470520,6.894104,0.077820,2.738586,36Kb,moviepy
6.112938,24.455078,19.380676,0.043152,3.709412,36Kb,moviepy
4.760372,10.082947,6.530334,0.035767,2.726318,36Kb,moviepy
5.505456,11.454163,7.270508,0.045898,3.150879,36Kb,moviepy
4.547840,9.791504,6.399963,0.030640,2.616333,36Kb,moviepy
5.824999,12.840088,8.417419,0.044373,3.339050,36Kb,moviepy
5.077566,10.489197,6.776550,0.042419,2.907471,36Kb,moviepy
4.798793,9.983093,6.530273,0.040161,2.750000,36Kb,moviepy
3.206199,7.499512,5.103333,0.029602,1.852478,36Kb,moviepy
4.172937,9.117310,6.050415,0.032837,2.391296,36Kb,moviepy
5.783425,11.021973,7.218811,0.014221,3.216736,36Kb,moviepy
4.542185,8.986023,6.157837,0.014221,2.487183,36Kb,moviepy
4.329115,9.467102,6.707581,0.014221,2.385681,36Kb,moviepy
4.294938,8.958618,6.142639,0.014221,2.370117,36Kb,moviepy
6.010675,10.765015,7.080078,0.014221,3.267517,36Kb,moviepy
6.345982,11.452454,7.656982,0.014221,3.473450,36Kb,moviepy
6.033523,11.079529,7.368591,0.014221,3.291443,36Kb,moviepy
4.471135,8.798706,6.026062,0.014221,2.461731,36Kb,moviepy
4.152312,9.550781,6.820801,0.004822,2.305420,36Kb,moviepy
4.710303,9.539856,6.499756,0.004822,2.591309,36Kb,moviepy
3.117502,7.001648,4.895020,0.004822,1.727417,36Kb,moviepy
5.471634,10.350891,6.874451,0.004822,3.001465,36Kb,moviepy
5.515389,10.355957,6.903198,0.004822,3.027893,36Kb,moviepy
4.514442,9.008362,6.171631,0.004822,2.476685,36Kb,moviepy
5.704193,10.708008,7.096191,0.004822,3.114197,36Kb,moviepy
5.897545,11.894836,8.124084,0.004822,3.239075,36Kb,moviepy
3.776094,8.333130,5.805420,0.004822,2.108582,36Kb,moviepy
6.211545,11.290466,7.353455,0.004822,3.404175,36Kb,moviepy
4.318996,8.709229,5.892334,0.004822,2.384949,36Kb,moviepy
4.726489,9.322693,6.364502,0.004822,2.618896,36Kb,moviepy
6.017043,10.940979,7.117065,0.004883,3.302673,36Kb,moviepy
4.694563,9.198547,6.256042,0.004883,2.579346,36Kb,moviepy
4.651899,9.987366,6.967896,0.004883,2.555542,36Kb,moviepy
2.949193,6.790894,4.767151,0.004883,1.640320,36Kb,moviepy
4.312466,8.647156,5.889771,0.004883,2.374329,36Kb,moviepy
3.000043,6.913635,4.871460,0.004883,1.658081,36Kb,moviepy
3.065541,6.825684,4.736267,0.004883,1.704895,36Kb,moviepy
3.510561,7.663330,5.316101,0.004883,1.958801,36Kb,moviepy
3.950859,8.009644,5.418823,0.004883,2.176453,36Kb,moviepy
4.805244,9.082642,6.146851,0.004883,2.618469,36Kb,moviepy
6.177164,12.192932,8.267212,0.004883,3.393127,36Kb,moviepy
5.886240,10.615906,6.941345,0.004883,3.220581,36Kb,moviepy
4.544069,8.896118,5.993103,0.004883,2.501099,36Kb,moviepy
5.706876,10.475403,6.829956,0.004883,3.131226,36Kb,moviepy
4.402286,8.746948,5.937439,0.004700,2.441956,36Kb,moviepy
3.825605,8.067749,5.566895,0.004700,2.109070,36Kb,moviepy
3.163543,7.064392,4.905090,0.004700,1.750061,36Kb,moviepy
5.298504,11.039124,7.606506,0.004700,2.914856,36Kb,moviepy
3.013889,6.846741,4.850525,0.004700,1.687256,36Kb,moviepy
5.518050,10.201965,6.780090,0.004700,3.007141,36Kb,moviepy
3.445270,7.401306,5.122131,0.004700,1.911072,36Kb,moviepy
4.551408,8.859680,5.959167,0.004700,2.507324,36Kb,moviepy
4.274323,8.588379,5.921448,0.004700,2.353394,36Kb,moviepy
4.514975,8.845947,5.992798,0.004700,2.469971,36Kb,moviepy
4.551877,9.571411,6.701904,0.004700,2.489502,36Kb,moviepy
3.297529,7.104675,5.006287,0.004700,1.823303,36Kb,moviepy
4.685231,9.045105,6.109497,0.004700,2.572266,36Kb,moviepy
4.551692,8.875122,6.070435,0.004700,2.506592,36Kb,moviepy
3.157627,7.009827,4.903870,0.005005,1.760071,36Kb,moviepy
3.655196,7.793762,5.414551,0.005005,2.015564,36Kb,moviepy
3.360638,7.162109,5.079895,0.005005,1.857666,36Kb,moviepy
2.974409,6.740540,4.758118,0.005005,1.658997,36Kb,moviepy
4.641268,9.353699,6.517578,0.005005,2.551575,36Kb,moviepy
4.551538,9.658447,6.823914,0.005005,2.498840,36Kb,moviepy
3.895086,7.767761,5.299072,0.005005,2.136475,36Kb,moviepy
4.468824,8.677551,5.888855,0.005005,2.456116,36Kb,moviepy
4.695801,9.133179,6.215454,0.005005,2.575684,36Kb,moviepy
4.493739,8.782410,5.955322,0.005005,2.461975,36Kb,moviepy
3.514501,7.434387,5.179443,0.005005,1.933716,36Kb,moviepy
4.186116,8.484741,5.798340,0.005005,2.311768,36Kb,moviepy
4.468761,9.729126,6.918579,0.005005,2.457458,36Kb,moviepy
3.605646,13.997803,11.319946,0.005005,2.218323,36Kb,moviepy
4.556169,9.046326,6.171570,0.005005,2.516846,36Kb,moviepy
4.016526,8.893250,6.267029,0.004700,2.258911,36Kb,moviepy
3.792725,7.931885,5.474304,0.004700,2.091125,36Kb,moviepy
2.907142,6.821655,4.875305,0.004700,1.623047,36Kb,moviepy
3.037261,6.961792,4.897156,0.004700,1.696289,36Kb,moviepy
3.775698,7.971375,5.454712,0.004700,2.091064,36Kb,moviepy
2.965246,7.082336,5.069214,0.004700,1.668335,36Kb,moviepy
4.511004,9.750305,6.845581,0.004700,2.488342,36Kb,moviepy
3.295965,7.603394,5.343201,0.004700,1.845764,36Kb,moviepy
5.723071,11.004883,7.242554,0.002991,3.174744,36Kb,moviepy
3.278411,7.366028,5.176880,0.002991,1.818420,36Kb,moviepy
4.310356,8.708191,5.947998,0.002991,2.384399,36Kb,moviepy
3.037107,6.929810,4.829041,0.004089,1.705627,36Kb,moviepy
2.944548,7.021912,4.996521,0.004089,1.651062,36Kb,moviepy
5.782466,10.761841,7.080505,0.003418,3.182007,36Kb,moviepy
4.343963,9.293762,6.518555,0.003418,2.389404,36Kb,moviepy
4.633952,9.005615,6.089417,0.003418,2.544556,36Kb,moviepy
4.589975,9.254944,6.236206,0.004761,2.545715,36Kb,moviepy
4.369999,8.602539,5.830017,0.004761,2.402039,36Kb,moviepy
4.412130,9.930237,6.791748,0.004761,2.421509,36Kb,moviepy
5.635861,10.547913,6.907104,0.004761,3.078735,36Kb,moviepy
4.563902,9.027161,6.132935,0.004761,2.506287,36Kb,moviepy
3.734982,7.768066,5.317200,0.004761,2.067139,36Kb,moviepy
4.136648,9.325134,6.502991,0.004700,2.303528,36Kb,moviepy
4.808745,9.282532,6.216309,0.005798,2.653320,36Kb,moviepy
5.548486,10.369995,6.879333,0.005798,3.039673,36Kb,moviepy
3.742056,7.657410,5.207947,0.005798,2.063782,36Kb,moviepy
5.728383,10.600708,7.018311,0.005798,3.134338,36Kb,moviepy
3.053129,7.625610,5.164551,0.070679,1.859314,36Kb,opencv
4.513193,8.942322,5.720215,0.031006,2.563293,36Kb,opencv
3.111109,7.074402,4.693176,0.023499,1.785278,36Kb,opencv
2.910556,6.791443,4.504944,0.023865,1.683533,36Kb,opencv
4.486520,9.325012,6.021240,0.039551,2.578491,36Kb,opencv
3.018147,7.848999,5.550354,0.021606,1.734253,36Kb,opencv
3.237656,7.389160,4.938843,0.023438,1.848755,36Kb,opencv
4.674702,9.125854,5.833130,0.038452,2.664673,36Kb,opencv
2.993124,6.974304,4.748291,0.024109,1.727539,36Kb,opencv
4.543122,9.085022,5.831726,0.031250,2.584534,36Kb,opencv
3.064586,7.147400,4.757446,0.023560,1.770447,36Kb,opencv
2.995664,6.868896,4.618408,0.022400,1.723755,36Kb,opencv
3.061812,7.149048,4.818420,0.024231,1.775146,36Kb,opencv
4.370911,9.074158,5.902100,0.029175,2.503052,36Kb,opencv
4.433527,9.567932,6.552429,0.009460,2.442688,36Kb,opencv
3.055638,6.667419,4.709290,0.009460,1.684692,36Kb,opencv
4.528546,8.569824,5.804626,0.009460,2.472473,36Kb,opencv
4.352977,8.204712,5.533508,0.009460,2.378845,36Kb,opencv
3.178566,6.708252,4.713318,0.009460,1.746704,36Kb,opencv
3.330081,6.800415,4.672791,0.009460,1.829529,36Kb,opencv
5.587320,10.401062,6.827759,0.009460,3.052734,36Kb,opencv
5.496954,9.781311,6.308105,0.009460,2.996948,36Kb,opencv
4.946310,9.980835,6.850464,0.009460,2.713867,36Kb,opencv
5.276678,9.687500,6.361084,0.009460,2.882812,36Kb,opencv
4.761049,9.061646,6.120728,0.009460,2.592285,36Kb,opencv
3.091219,6.709717,4.688965,0.009460,1.711243,36Kb,opencv
5.850614,10.272461,6.763977,0.009460,3.187012,36Kb,opencv
3.303128,6.698120,4.558960,0.003967,1.824097,36Kb,opencv
4.600963,8.531921,5.669739,0.003967,2.519958,36Kb,opencv
3.863868,8.568359,6.057556,0.003967,2.132874,36Kb,opencv
4.351169,8.178650,5.482788,0.003967,2.381653,36Kb,opencv
4.604899,8.758240,5.797913,0.003967,2.524109,36Kb,opencv
2.953881,6.311462,4.394104,0.003967,1.636475,36Kb,opencv
2.849515,6.460205,4.556274,0.003967,1.577698,36Kb,opencv
3.174052,6.847107,4.737427,0.003967,1.755249,36Kb,opencv
3.573063,7.210388,4.944702,0.003967,1.966980,36Kb,opencv
4.624711,8.980835,6.047729,0.003967,2.530212,36Kb,opencv
3.719823,8.110779,5.578979,0.003967,2.041016,36Kb,opencv
4.851122,10.147949,7.130615,0.003967,2.682068,36Kb,opencv
4.604656,8.500671,5.646606,0.003967,2.524536,36Kb,opencv
4.534695,8.534119,5.662170,0.003967,2.462585,36Kb,opencv
3.281200,6.962219,4.887207,0.003967,1.827454,36Kb,opencv
3.763097,7.467834,5.032104,0.003967,2.062866,36Kb,opencv
3.940556,7.765259,5.199402,0.005188,2.179016,36Kb,opencv
4.491629,8.377808,5.588989,0.005188,2.445435,36Kb,opencv
4.871925,10.114380,7.084412,0.005188,2.678833,36Kb,opencv
4.467227,8.507690,5.667603,0.005188,2.444214,36Kb,opencv
3.949750,7.782715,5.293152,0.005188,2.161987,36Kb,opencv
3.371782,7.044312,4.815613,0.005188,1.850769,36Kb,opencv
3.638052,7.262329,4.987610,0.005188,1.998962,36Kb,opencv
4.077520,7.999329,5.415283,0.005188,2.234802,36Kb,opencv
4.509658,8.185242,5.458191,0.005188,2.464661,36Kb,opencv
3.411799,6.921631,4.766235,0.005188,1.873474,36Kb,opencv
4.369238,8.391479,5.667786,0.005188,2.387756,36Kb,opencv
3.204611,6.974915,4.851013,0.005188,1.760254,36Kb,opencv
3.629951,7.294556,4.949829,0.005188,1.992371,36Kb,opencv
3.370368,6.948486,4.740601,0.005188,1.846497,36Kb,opencv
4.597376,8.539062,5.645203,0.005188,2.507446,36Kb,opencv
5.375564,9.933899,6.444580,0.004639,2.946899,36Kb,opencv
4.143898,8.075378,5.407593,0.004639,2.265930,36Kb,opencv
3.459147,7.303101,5.004944,0.004639,1.909424,36Kb,opencv
3.003802,6.486511,4.535767,0.004639,1.663818,36Kb,opencv
5.708860,11.028931,7.547241,0.004639,3.115295,36Kb,opencv
4.518183,8.539612,5.764160,0.004639,2.470581,36Kb,opencv
3.838623,7.393982,5.018188,0.004639,2.102112,36Kb,opencv
3.165403,6.630554,4.638184,0.004639,1.751343,36Kb,opencv
3.368189,7.000793,4.801086,0.004639,1.854492,36Kb,opencv
4.679141,8.532043,5.699890,0.004639,2.555298,36Kb,opencv
4.425470,8.376221,5.557556,0.004639,2.424744,36Kb,opencv
4.598594,8.672791,5.750549,0.004639,2.503296,36Kb,opencv
3.985761,8.760071,6.103821,0.004639,2.190247,36Kb,opencv
3.069882,6.557983,4.563110,0.004639,1.704407,36Kb,opencv
3.259507,6.873230,4.658264,0.005371,1.813171,36Kb,opencv
2.837153,6.208923,4.346069,0.005371,1.568604,36Kb,opencv
3.283730,6.790588,4.603271,0.005371,1.798401,36Kb,opencv
3.259904,6.748474,4.621399,0.005371,1.806580,36Kb,opencv
3.364106,7.154236,4.930603,0.005371,1.868896,36Kb,opencv
3.138662,6.715576,4.659424,0.005371,1.732483,36Kb,opencv
3.025876,6.523499,4.565796,0.005371,1.659302,36Kb,opencv
3.554506,7.181763,4.970337,0.005371,1.958130,36Kb,opencv
4.754784,9.785889,6.830994,0.005371,2.589844,36Kb,opencv
3.419535,6.817383,4.674255,0.005371,1.870544,36Kb,opencv
3.089457,6.586304,4.615906,0.005371,1.708252,36Kb,opencv
3.858726,7.478027,5.025513,0.005371,2.126465,36Kb,opencv
3.066447,6.505005,4.513306,0.005371,1.686279,36Kb,opencv
5.536658,9.818359,6.379517,0.005371,3.021118,36Kb,opencv
3.011106,6.401550,4.438110,0.005371,1.658752,36Kb,opencv
2.990254,6.639221,4.617615,0.005371,1.657043,36Kb,opencv
2.925150,6.435913,4.538818,0.005371,1.626343,36Kb,opencv
4.192076,8.886597,6.208069,0.005371,2.308594,36Kb,opencv
4.434338,8.575684,5.709290,0.005615,2.453430,36Kb,opencv
3.164954,6.602783,4.538940,0.005615,1.734985,36Kb,opencv
5.253995,9.847778,6.486023,0.005615,2.882324,36Kb,opencv
3.642954,7.507568,5.127502,0.005615,2.018616,36Kb,opencv
4.661110,8.719788,5.813660,0.005615,2.531860,36Kb,opencv
5.388484,9.603455,6.328125,0.005615,2.927673,36Kb,opencv
4.519219,9.288818,6.438416,0.005615,2.473328,36Kb,opencv
2.906946,6.562317,4.583740,0.005615,1.606567,36Kb,opencv
4.390105,8.116760,5.515808,0.005615,2.397888,36Kb,opencv
3.164860,6.762451,4.682007,0.005615,1.754456,36Kb,opencv
2.463455,5.944458,3.970398,0.074890,1.524902,36Kb,ffmpeg
2.302052,5.054077,3.410461,0.014038,1.319153,36Kb,ffmpeg
2.367997,5.349243,3.530701,0.024414,1.380554,36Kb,ffmpeg
2.374805,6.330994,4.496094,0.019958,1.398254,36Kb,ffmpeg
2.192669,5.105957,3.427795,0.019104,1.270508,36Kb,ffmpeg
2.181219,5.216919,3.491821,0.024658,1.281738,36Kb,ffmpeg
2.200652,5.612610,3.986389,0.015869,1.271973,36Kb,ffmpeg
2.400997,5.527405,3.661682,0.030762,1.415710,36Kb,ffmpeg
2.434301,7.092834,4.855530,0.025391,1.417297,36Kb,ffmpeg
2.395859,5.468079,3.645264,0.019592,1.389343,36Kb,ffmpeg
2.463181,8.210999,5.825378,0.019348,1.383179,36Kb,ffmpeg
2.150460,5.458252,3.711548,0.021851,1.257324,36Kb,ffmpeg
2.237225,5.310181,3.594727,0.017029,1.306030,36Kb,ffmpeg
2.235864,5.053650,3.400757,0.016602,1.294617,36Kb,ffmpeg
2.419865,6.706299,4.560425,0.020020,1.405579,36Kb,ffmpeg
2.363755,5.303833,3.548767,0.022095,1.364258,36Kb,ffmpeg
2.307867,5.253479,3.511292,0.013855,1.319946,36Kb,ffmpeg
2.263927,6.213196,4.448975,0.019287,1.314087,36Kb,ffmpeg
2.540448,5.455505,3.628967,0.019531,1.456421,36Kb,ffmpeg
2.370415,5.430664,3.672546,0.017883,1.370422,36Kb,ffmpeg
2.103506,4.937561,3.348816,0.017212,1.221191,36Kb,ffmpeg
2.452464,5.445007,3.676086,0.015015,1.401733,36Kb,ffmpeg
2.309916,4.808655,3.322876,0.015015,1.278625,36Kb,ffmpeg
2.454787,4.999878,3.417480,0.015015,1.357483,36Kb,ffmpeg
2.302387,4.913452,3.377991,0.015015,1.278931,36Kb,ffmpeg
2.560835,5.080261,3.523254,0.015015,1.405151,36Kb,ffmpeg
2.392596,5.086609,3.566345,0.015015,1.326904,36Kb,ffmpeg
2.251702,4.759827,3.284119,0.015015,1.248230,36Kb,ffmpeg
2.326578,4.735779,3.296875,0.015015,1.287598,36Kb,ffmpeg
2.274272,4.888977,3.338379,0.005005,1.272034,36Kb,ffmpeg
2.428390,5.256531,3.698120,0.005005,1.361938,36Kb,ffmpeg
2.237116,5.667419,4.232605,0.005005,1.254578,36Kb,ffmpeg
2.156763,4.615845,3.232056,0.005005,1.197693,36Kb,ffmpeg
2.320125,5.116577,3.606995,0.006226,1.317078,36Kb,ffmpeg
2.583613,5.089966,3.507751,0.006226,1.421753,36Kb,ffmpeg
2.558178,5.293396,3.607361,0.004639,1.434692,36Kb,ffmpeg
2.246195,4.662476,3.256104,0.004639,1.238586,36Kb,ffmpeg
2.245539,4.638062,3.264648,0.004639,1.244080,36Kb,ffmpeg
2.461162,5.325867,3.778931,0.004639,1.364319,36Kb,ffmpeg
2.232419,4.503540,3.095215,0.004639,1.231995,36Kb,ffmpeg
2.389792,4.992004,3.496887,0.004639,1.322388,36Kb,ffmpeg
2.223512,6.515259,4.978577,0.004639,1.268005,36Kb,ffmpeg
2.269721,4.780518,3.345825,0.004639,1.257935,36Kb,ffmpeg
2.311533,4.788513,3.375488,0.004639,1.273560,36Kb,ffmpeg
2.262904,4.768738,3.321655,0.004639,1.248718,36Kb,ffmpeg
2.192590,5.506714,4.064941,0.004639,1.218628,36Kb,ffmpeg
2.449958,4.940796,3.478455,0.004639,1.345520,36Kb,ffmpeg
2.415351,4.977905,3.427429,0.004639,1.341370,36Kb,ffmpeg
2.231440,4.617615,3.266113,0.004639,1.238037,36Kb,ffmpeg
2.351237,4.754944,3.305054,0.004639,1.299683,36Kb,ffmpeg
2.272026,4.889160,3.418701,0.004639,1.261719,36Kb,ffmpeg
2.423692,4.802856,3.320862,0.004639,1.338257,36Kb,ffmpeg
2.318697,4.674072,3.260254,0.004639,1.274170,36Kb,ffmpeg
2.094770,4.520508,3.203674,0.004639,1.164124,36Kb,ffmpeg
2.401384,5.054077,3.525879,0.004639,1.333740,36Kb,ffmpeg
2.192529,4.746582,3.349426,0.005798,1.229309,36Kb,ffmpeg
2.279167,4.977844,3.506287,0.005798,1.267212,36Kb,ffmpeg
2.623272,5.165161,3.552673,0.005798,1.443665,36Kb,ffmpeg
2.344316,4.869812,3.435974,0.005798,1.294067,36Kb,ffmpeg
2.489368,6.059021,4.474304,0.005798,1.379333,36Kb,ffmpeg
2.115076,4.625122,3.325134,0.005798,1.178162,36Kb,ffmpeg
2.237023,4.710144,3.331055,0.005798,1.236084,36Kb,ffmpeg
2.376888,4.926453,3.427917,0.005798,1.310059,36Kb,ffmpeg
2.317965,4.825684,3.386169,0.005798,1.279602,36Kb,ffmpeg
2.459097,5.064819,3.477722,0.005798,1.356750,36Kb,ffmpeg
2.244015,4.769165,3.348877,0.005798,1.239502,36Kb,ffmpeg
2.237153,4.846558,3.469482,0.005798,1.247070,36Kb,ffmpeg
2.265167,4.764954,3.328491,0.005798,1.257202,36Kb,ffmpeg
2.266260,4.887146,3.425781,0.005798,1.252808,36Kb,ffmpeg
2.322405,5.065369,3.600098,0.005798,1.289673,36Kb,ffmpeg
2.174095,4.839478,3.432434,0.005798,1.207031,36Kb,ffmpeg
2.301313,5.053101,3.552429,0.005798,1.278198,36Kb,ffmpeg
2.419569,5.280640,3.671448,0.004272,1.352295,36Kb,ffmpeg
2.302076,5.379089,3.894958,0.004272,1.284058,36Kb,ffmpeg
2.371095,5.371765,3.778503,0.005066,1.331787,36Kb,ffmpeg
2.293356,4.904541,3.465820,0.005066,1.267273,36Kb,ffmpeg
2.361061,5.094482,3.558044,0.005066,1.307556,36Kb,ffmpeg
2.638635,5.456238,3.805847,0.005066,1.458435,36Kb,ffmpeg
2.229194,5.221802,3.788208,0.005066,1.242676,36Kb,ffmpeg
2.149041,4.695862,3.317017,0.005066,1.192871,36Kb,ffmpeg
2.447244,5.097229,3.482910,0.005188,1.362793,36Kb,ffmpeg
2.332120,5.103210,3.619995,0.005188,1.289612,36Kb,ffmpeg
2.199905,5.005066,3.568726,0.005188,1.247620,36Kb,ffmpeg
2.344912,4.909058,3.428223,0.005188,1.301086,36Kb,ffmpeg
2.352903,5.069702,3.579285,0.005188,1.309570,36Kb,ffmpeg
2.432779,5.418945,3.843750,0.005188,1.379333,36Kb,ffmpeg
2.158202,4.708923,3.318604,0.005188,1.195740,36Kb,ffmpeg
2.181480,4.869507,3.421753,0.005188,1.217712,36Kb,ffmpeg
2.270973,5.824585,4.288879,0.005188,1.264709,36Kb,ffmpeg
2.511649,5.466370,3.819214,0.005188,1.390198,36Kb,ffmpeg
2.316176,4.912415,3.470642,0.005188,1.287598,36Kb,ffmpeg
2.115757,4.720703,3.345886,0.005188,1.180298,36Kb,ffmpeg
2.276331,4.830017,3.358765,0.005188,1.259521,36Kb,ffmpeg
2.390882,4.911438,3.440125,0.005188,1.317017,36Kb,ffmpeg
2.231249,4.888611,3.408081,0.005188,1.244141,36Kb,ffmpeg
2.228817,4.926514,3.435730,0.005188,1.242676,36Kb,ffmpeg
2.097551,4.585571,3.248840,0.005188,1.159607,36Kb,ffmpeg
2.249295,4.906433,3.447083,0.005188,1.249084,36Kb,ffmpeg
2.195761,4.773560,3.313660,0.005188,1.210632,36Kb,ffmpeg
2.282123,4.795898,3.341370,0.005188,1.268738,36Kb,ffmpeg
10.227267,30.379944,21.405334,0.121521,6.022034,1Mb,opencv
6.956345,24.267761,18.039246,0.051758,4.109802,1Mb,opencv
9.412158,28.172302,19.886047,0.081360,5.468506,1Mb,opencv
8.691486,26.809753,19.213928,0.066406,5.056091,1Mb,opencv
8.593893,27.032043,19.460327,0.068359,5.017090,1Mb,opencv
7.260823,24.626038,18.002747,0.049377,4.209900,1Mb,opencv
8.405745,25.075012,18.559631,0.049377,4.651428,1Mb,opencv
7.791327,23.962219,18.079346,0.049377,4.377625,1Mb,opencv
8.357578,25.031921,18.475403,0.049377,4.672913,1Mb,opencv
6.991349,22.853638,17.298706,0.004517,3.945801,1Mb,opencv
8.556508,26.076904,19.497131,0.004700,4.812012,1Mb,opencv
9.718823,26.680298,19.410767,0.004700,5.405212,1Mb,opencv
14.020727,33.330627,23.419128,0.004700,7.704529,1Mb,opencv
7.260607,23.680908,17.747131,0.004700,4.099121,1Mb,opencv
14.942193,34.182251,23.728271,0.004700,8.226990,1Mb,opencv
7.671460,24.231873,18.196411,0.004700,4.315063,1Mb,opencv
7.788388,24.217834,17.961670,0.005737,4.405029,1Mb,opencv
14.321483,34.028137,24.039001,0.005737,7.924866,1Mb,opencv
12.325265,31.950867,22.788513,0.005737,6.827271,1Mb,opencv
7.584440,24.423035,18.221069,0.005737,4.283081,1Mb,opencv
11.635693,36.860168,27.984314,0.005737,6.752441,1Mb,opencv
11.392536,30.729797,22.056213,0.004333,6.362122,1Mb,opencv
9.139352,26.880066,19.687195,0.004333,5.146912,1Mb,opencv
10.537759,28.341919,20.558899,0.004333,5.851929,1Mb,opencv
8.597518,25.784180,19.040527,0.004333,4.826782,1Mb,opencv
13.012166,31.251160,22.388977,0.004333,7.175110,1Mb,opencv
8.045427,24.743774,18.404236,0.004333,4.508972,1Mb,opencv
18.546720,39.087463,26.637634,0.005127,10.177063,1Mb,opencv
6.733451,22.593445,17.049866,0.005127,3.811646,1Mb,opencv
12.280005,31.066772,22.162842,0.005127,6.810974,1Mb,opencv
8.540924,25.160034,18.557556,0.005127,4.782532,1Mb,opencv
13.149651,32.193237,22.673706,0.005127,7.234741,1Mb,opencv
8.388204,25.731689,19.130188,0.005554,4.733337,1Mb,opencv
7.724729,24.164429,17.990295,0.005554,4.347107,1Mb,opencv
7.724671,24.297424,18.273743,0.005554,4.384888,1Mb,opencv
12.789620,31.799255,22.399780,0.005554,7.081482,1Mb,opencv
9.105503,26.641785,19.331177,0.005554,5.083069,1Mb,opencv
10.231451,27.773621,20.071106,0.005554,5.695984,1Mb,opencv
7.877477,24.607483,18.216003,0.005554,4.437927,1Mb,opencv
13.565465,32.931213,23.064453,0.004272,7.513000,1Mb,opencv
8.226030,26.272461,19.527222,0.004272,4.607056,1Mb,opencv
9.208526,25.821777,18.962341,0.004272,5.125610,1Mb,opencv
7.987480,24.825745,18.344238,0.004272,4.491943,1Mb,opencv
10.939554,29.053589,20.954407,0.004272,6.085754,1Mb,opencv
7.920586,24.889832,18.501709,0.004272,4.477478,1Mb,opencv
12.866825,32.523376,23.030518,0.003601,7.157959,1Mb,opencv
8.059902,25.253906,18.872070,0.003601,4.533142,1Mb,opencv
12.743272,32.225403,22.901062,0.003601,7.107605,1Mb,opencv
7.923748,24.948914,18.441895,0.003601,4.467346,1Mb,opencv
8.493593,25.470093,18.820374,0.003601,4.747925,1Mb,opencv
10.231224,27.874512,20.330872,0.003601,5.698853,1Mb,opencv
9.412239,26.794189,19.789307,0.004944,5.301575,1Mb,opencv
7.771902,23.903015,17.977417,0.004944,4.376343,1Mb,opencv
7.973691,24.440002,18.343323,0.004944,4.470886,1Mb,opencv
13.279643,32.255737,22.881348,0.004944,7.338745,1Mb,opencv
12.306404,30.896729,22.333496,0.004944,6.816589,1Mb,opencv
26.472603,50.848083,33.530029,0.004944,14.422119,1Mb,opencv
7.816170,24.732361,18.503174,0.004944,4.418396,1Mb,opencv
12.995174,31.849670,22.392822,0.004944,7.164734,1Mb,opencv
8.079571,24.739197,18.508728,0.004944,4.549377,1Mb,opencv
7.284820,24.181030,17.906616,0.004944,4.078308,1Mb,opencv
11.536765,30.048950,21.539978,0.004944,6.421814,1Mb,opencv
14.123185,34.530029,24.026306,0.004639,7.836304,1Mb,opencv
7.159320,23.855591,17.844727,0.004639,4.057617,1Mb,opencv
9.288388,26.784546,19.483826,0.004639,5.205322,1Mb,opencv
9.354291,27.302185,19.920288,0.004639,5.220642,1Mb,opencv
14.105896,33.145142,23.223022,0.004639,7.768921,1Mb,opencv
6.875935,23.625122,17.841309,0.003662,3.913757,1Mb,opencv
7.842660,24.160278,17.967957,0.003662,4.371826,1Mb,opencv
12.589213,31.428284,22.147217,0.003662,6.941711,1Mb,opencv
14.735675,35.048950,24.684082,0.003662,8.159119,1Mb,opencv
8.997184,25.819641,18.994873,0.003662,5.012939,1Mb,opencv
8.080841,24.336670,18.133728,0.003662,4.532288,1Mb,opencv
8.184086,24.541565,18.135986,0.004700,4.560669,1Mb,opencv
7.261811,23.838318,18.012207,0.004700,4.098694,1Mb,opencv
11.824396,30.190247,21.410461,0.004700,6.586060,1Mb,opencv
14.048743,33.173645,23.162231,0.004700,7.755310,1Mb,opencv
11.682982,30.781128,22.323547,0.004700,6.503296,1Mb,opencv
9.205328,34.327148,26.665894,0.004700,5.378540,1Mb,opencv
13.511337,32.859863,23.264465,0.005066,7.519531,1Mb,opencv
12.894282,31.931702,22.620789,0.005066,7.133057,1Mb,opencv
7.876250,24.604492,18.285522,0.005066,4.401123,1Mb,opencv
13.717416,32.825745,23.223572,0.005066,7.579651,1Mb,opencv
8.387891,25.175903,18.340027,0.005066,4.702576,1Mb,opencv
8.078981,24.403381,18.264038,0.005066,4.549744,1Mb,opencv
9.259412,26.002930,18.995850,0.005493,5.168274,1Mb,opencv
7.137241,23.524841,17.867310,0.005493,4.054199,1Mb,opencv
13.106862,31.715454,22.186523,0.005493,7.245300,1Mb,opencv
8.369494,25.729065,19.107727,0.005493,4.637573,1Mb,opencv
8.270133,25.070862,18.657349,0.005493,4.674316,1Mb,opencv
14.122726,33.402588,23.707764,0.005493,7.765137,1Mb,opencv
11.239319,29.543274,21.139526,0.003601,6.289429,1Mb,opencv
13.931912,33.702881,23.855103,0.003601,7.695190,1Mb,opencv
10.333789,27.945984,20.277588,0.003601,5.771423,1Mb,opencv
9.412922,26.554810,19.628784,0.003601,5.266296,1Mb,opencv
11.777404,30.501892,21.810791,0.003601,6.547180,1Mb,opencv
8.993404,25.680359,18.911743,0.005554,5.013794,1Mb,opencv
7.502876,23.776367,17.753662,0.005554,4.255737,1Mb,opencv
12.858020,32.319153,22.797913,0.005554,7.107605,1Mb,opencv
12.366344,31.281677,22.208862,0.005554,6.875488,1Mb,opencv
11.298369,32.573853,22.954956,0.155151,6.744751,1Mb,moviepy
12.761087,50.704285,38.604797,0.360291,8.144470,1Mb,moviepy
12.604130,35.021484,24.384644,0.208374,7.488159,1Mb,moviepy
8.550168,28.027588,20.346985,0.131226,5.148804,1Mb,moviepy
7.697416,45.562195,37.736328,0.090942,4.469727,1Mb,moviepy
11.460444,34.248108,25.456665,0.062439,6.600037,1Mb,moviepy
8.287454,26.820251,19.873535,0.040527,4.796875,1Mb,moviepy
6.748480,23.406067,17.914185,0.042175,3.949280,1Mb,moviepy
7.853458,26.063538,19.425293,0.041321,4.582214,1Mb,moviepy
9.566366,27.609009,20.321838,0.021851,5.448975,1Mb,moviepy
11.701732,31.931091,23.094421,0.078857,6.748352,1Mb,moviepy
10.334388,31.110352,22.769714,0.104553,6.112061,1Mb,moviepy
10.039224,29.383606,21.626526,0.043518,5.794189,1Mb,moviepy
9.255869,29.656677,21.818359,0.042297,5.386902,1Mb,moviepy
9.763365,29.019775,21.208435,0.041809,5.647217,1Mb,moviepy
9.799971,28.359985,20.725403,0.019775,5.619873,1Mb,moviepy
11.297008,31.659973,22.675781,0.078308,6.515564,1Mb,moviepy
11.377845,31.631653,22.841309,0.068970,6.611328,1Mb,moviepy
9.298265,31.407349,23.594055,0.104004,5.649109,1Mb,moviepy
11.218000,31.410583,22.698975,0.063049,6.488403,1Mb,moviepy
10.021914,28.978455,21.080933,0.020447,5.740845,1Mb,moviepy
9.761860,28.876282,21.429688,0.039429,5.653931,1Mb,moviepy
8.963169,27.006409,19.955139,0.035583,5.154114,1Mb,moviepy
9.822263,28.902771,21.036987,0.045349,5.700989,1Mb,moviepy
9.312717,27.342224,20.091125,0.047485,5.352905,1Mb,moviepy
10.126348,29.320618,21.281006,0.041199,5.854614,1Mb,moviepy
10.017013,29.308716,21.722107,0.041687,5.790161,1Mb,moviepy
10.142629,30.295166,22.534485,0.062439,5.942932,1Mb,moviepy
9.405794,29.101257,21.426392,0.057251,5.511963,1Mb,moviepy
12.029498,32.017090,23.113586,0.046570,6.865234,1Mb,moviepy
11.503134,32.332214,23.360596,0.085510,6.692017,1Mb,moviepy
9.930100,30.144104,22.173279,0.021179,5.698669,1Mb,moviepy
10.440506,30.469849,22.349548,0.062378,6.047791,1Mb,moviepy
10.797334,31.549622,22.899231,0.078735,6.338440,1Mb,moviepy
11.198350,32.222900,23.128479,0.105408,6.561340,1Mb,moviepy
14.737595,36.645935,25.550903,0.109253,8.444641,1Mb,moviepy
8.748599,27.873840,20.559753,0.041016,5.076233,1Mb,moviepy
8.112016,25.748291,19.252502,0.022034,4.666504,1Mb,moviepy
11.973006,31.769287,22.897461,0.065186,6.851196,1Mb,moviepy
8.698113,27.338623,20.181702,0.043274,5.084412,1Mb,moviepy
9.908842,27.975830,20.493774,0.036621,5.639709,1Mb,moviepy
13.094334,33.009399,23.525696,0.067749,7.452576,1Mb,moviepy
10.171141,29.644043,21.879089,0.061035,5.902283,1Mb,moviepy
8.346354,27.094177,20.298523,0.042419,4.899414,1Mb,moviepy
11.442891,31.513245,22.559998,0.082825,6.564758,1Mb,moviepy
7.355503,25.089661,18.982727,0.042358,4.333374,1Mb,moviepy
12.282353,33.027832,23.601868,0.085266,7.078674,1Mb,moviepy
7.771230,26.076843,19.519531,0.046204,4.571167,1Mb,moviepy
14.128343,35.489807,24.885986,0.064209,8.008850,1Mb,moviepy
7.468568,25.886963,19.256348,0.041199,4.411194,1Mb,moviepy
7.365581,24.759094,18.798950,0.021484,4.242188,1Mb,moviepy
7.466177,25.319153,18.880371,0.042969,4.390442,1Mb,moviepy
8.489079,26.451721,19.531189,0.057617,4.950073,1Mb,moviepy
8.080302,26.335876,19.750854,0.046936,4.761353,1Mb,moviepy
13.202668,33.809326,24.142090,0.086670,7.540710,1Mb,moviepy
8.901414,27.402710,20.283142,0.040710,5.169800,1Mb,moviepy
7.976461,33.964966,26.806641,0.106384,5.048767,1Mb,moviepy
7.672152,26.028992,19.454895,0.043640,4.516846,1Mb,moviepy
15.971291,38.486328,26.631653,0.067261,9.044434,1Mb,moviepy
8.349890,26.518799,19.939636,0.024475,4.815247,1Mb,moviepy
8.325754,27.454102,20.612671,0.043823,4.841064,1Mb,moviepy
8.629833,26.867981,20.077759,0.021667,4.979309,1Mb,moviepy
8.252410,25.696106,19.307556,0.020081,4.742859,1Mb,moviepy
8.799146,26.614990,19.874146,0.022339,5.045837,1Mb,moviepy
13.088601,33.674316,24.020569,0.078369,7.475159,1Mb,moviepy
8.119844,26.588928,19.884277,0.044922,4.718323,1Mb,moviepy
8.349538,26.592712,20.142029,0.024292,4.825989,1Mb,moviepy
8.696581,27.034546,20.194397,0.021851,4.980103,1Mb,moviepy
12.787411,35.196045,25.353699,0.063965,7.296326,1Mb,moviepy
8.490414,27.156189,20.281067,0.021912,4.891174,1Mb,moviepy
10.853189,31.435547,22.808533,0.061890,6.258545,1Mb,moviepy
13.908715,35.689270,25.129333,0.081360,7.985291,1Mb,moviepy
8.287962,26.729858,20.044861,0.044678,4.840881,1Mb,moviepy
7.259284,25.035461,18.832886,0.043030,4.249756,1Mb,moviepy
7.979194,25.876770,19.165283,0.020752,4.559204,1Mb,moviepy
14.831799,35.899475,24.968323,0.061890,8.392761,1Mb,moviepy
7.965276,26.376953,19.821350,0.042786,4.660034,1Mb,moviepy
8.703700,27.909912,20.803467,0.056152,5.080139,1Mb,moviepy
8.879038,33.403748,25.862610,0.045654,5.204041,1Mb,moviepy
8.182649,26.372620,19.617126,0.044495,4.759521,1Mb,moviepy
8.485845,26.606018,19.890320,0.041077,4.904541,1Mb,moviepy
8.905361,27.662964,20.539917,0.042480,5.211975,1Mb,moviepy
7.672625,25.525757,19.259460,0.042603,4.474182,1Mb,moviepy
7.876880,25.801819,19.409363,0.042358,4.568237,1Mb,moviepy
7.567797,25.468323,19.242859,0.034058,4.425476,1Mb,moviepy
8.190952,26.197144,19.516418,0.023804,4.722534,1Mb,moviepy
9.104560,27.603088,20.478088,0.047546,5.249268,1Mb,moviepy
17.883379,81.325806,65.328552,0.080566,11.378357,1Mb,moviepy
10.337923,45.783081,34.880676,0.088440,6.570435,1Mb,moviepy
13.122952,114.268127,97.521606,0.148071,9.910034,1Mb,moviepy
9.500906,48.264954,39.381165,0.037354,6.090515,1Mb,moviepy
12.996525,33.728882,24.044861,0.074158,7.473816,1Mb,moviepy
8.388310,27.523499,20.495911,0.042603,4.915955,1Mb,moviepy
8.343196,26.403198,19.679932,0.022095,4.814392,1Mb,moviepy
9.457517,30.447449,22.865051,0.040039,5.509155,1Mb,moviepy
8.926043,41.600952,33.934387,0.038879,5.842590,1Mb,moviepy
8.775292,27.141846,20.263794,0.044922,5.120056,1Mb,moviepy
12.850558,33.299133,23.566223,0.064453,7.314331,1Mb,moviepy
11.911659,32.718750,23.622803,0.086914,6.885254,1Mb,moviepy
9.074431,28.033997,20.899902,0.039856,5.282471,1Mb,moviepy
13.239670,36.007874,24.922424,0.250244,7.920044,1Mb,imageio
9.576755,29.828735,21.366516,0.132568,5.781067,1Mb,imageio
8.403104,27.203430,19.667664,0.114075,5.033997,1Mb,imageio
8.888746,27.817017,20.052612,0.111267,5.306091,1Mb,imageio
8.184273,26.862671,19.520691,0.110657,4.943176,1Mb,imageio
8.797886,26.977844,19.806458,0.060547,5.096130,1Mb,imageio
8.798336,26.809875,19.869629,0.036987,5.063965,1Mb,imageio
11.051302,30.685608,22.143066,0.047791,6.300293,1Mb,imageio
9.952779,28.664429,21.024170,0.023987,5.663452,1Mb,imageio
9.896359,28.387756,20.702393,0.040405,5.701477,1Mb,imageio
12.484672,32.113403,23.029602,0.063782,7.126282,1Mb,imageio
7.875221,25.861938,19.224060,0.042175,4.606262,1Mb,imageio
8.387976,25.866699,19.077576,0.053589,4.880920,1Mb,imageio
10.432919,31.453918,22.849365,0.048035,5.965210,1Mb,imageio
8.427850,26.755615,20.004333,0.024231,4.868225,1Mb,imageio
9.405728,27.149841,20.037659,0.020508,5.346985,1Mb,imageio
9.477702,27.257446,19.955261,0.020203,5.379395,1Mb,imageio
8.317052,26.098755,19.399902,0.021179,4.753113,1Mb,imageio
11.742914,31.901917,22.971436,0.079895,6.767456,1Mb,imageio
9.633968,28.768494,21.249268,0.023804,5.532532,1Mb,imageio
8.978252,27.199951,20.000366,0.044312,5.146423,1Mb,imageio
10.133015,28.728149,21.117920,0.020996,5.766846,1Mb,imageio
8.092236,26.683228,19.797241,0.039734,4.684448,1Mb,imageio
8.886482,27.193481,20.063110,0.040527,5.137939,1Mb,imageio
9.309660,28.345947,20.495178,0.056946,5.400024,1Mb,imageio
10.028622,28.642334,20.810852,0.022339,5.698303,1Mb,imageio
8.696194,27.402466,20.507141,0.064148,5.113708,1Mb,imageio
9.411424,27.647522,20.195374,0.020935,5.358337,1Mb,imageio
11.048536,30.607239,22.181091,0.064636,6.363953,1Mb,imageio
8.492808,26.834229,19.938965,0.041992,4.939697,1Mb,imageio
12.586439,32.355591,23.333557,0.077759,7.203186,1Mb,imageio
19.549706,42.779114,29.248413,0.091187,10.996094,1Mb,imageio
9.919851,28.351929,20.621704,0.041748,5.660095,1Mb,imageio
7.481669,24.590454,18.506592,0.020081,4.330322,1Mb,imageio
7.713904,25.199341,18.955139,0.043213,4.521057,1Mb,imageio
10.214151,29.150635,21.173767,0.060303,5.858398,1Mb,imageio
9.639466,28.171021,20.752747,0.056702,5.571350,1Mb,imageio
8.730685,26.800903,19.873291,0.047058,5.041565,1Mb,imageio
8.147348,25.385803,18.944153,0.022827,4.671570,1Mb,imageio
9.043785,27.136536,19.917542,0.042297,5.259827,1Mb,imageio
13.901163,34.305786,24.061646,0.062134,7.864929,1Mb,imageio
9.002827,26.979980,19.798218,0.041870,5.176697,1Mb,imageio
8.075951,25.767639,19.165405,0.058350,4.703796,1Mb,imageio
12.942038,33.630676,23.672363,0.071106,7.385925,1Mb,imageio
8.436853,26.479431,19.762756,0.020630,4.864380,1Mb,imageio
12.941357,33.095642,23.260559,0.063660,7.353271,1Mb,imageio
7.724560,25.619141,19.139709,0.020691,4.457520,1Mb,imageio
13.860410,35.028992,24.679688,0.043274,7.834106,1Mb,imageio
8.037214,26.257935,19.559998,0.035278,4.630310,1Mb,imageio
8.258273,26.013123,19.452271,0.022095,4.731445,1Mb,imageio
8.524162,26.465271,19.557800,0.022095,4.829163,1Mb,imageio
8.630013,26.326294,19.577759,0.022095,4.892700,1Mb,imageio
7.430910,24.328735,18.500610,0.022095,4.212769,1Mb,imageio
12.898729,32.522156,23.297546,0.022095,7.158142,1Mb,imageio
13.199935,33.357727,23.896423,0.015259,7.377197,1Mb,imageio
7.467268,25.092773,18.870300,0.015259,4.282410,1Mb,imageio
11.870207,31.272522,22.502136,0.015259,6.619812,1Mb,imageio
9.110107,27.231750,20.261414,0.015259,5.159668,1Mb,imageio
16.477443,44.818054,32.642578,0.015259,9.294250,1Mb,imageio
8.922774,27.491272,20.414734,0.015259,5.045105,1Mb,imageio
12.568813,32.138184,23.013245,0.014954,7.022400,1Mb,imageio
14.021097,34.502625,24.624329,0.014954,7.779968,1Mb,imageio
9.839546,27.968445,20.580688,0.014954,5.547913,1Mb,imageio
10.183943,28.487122,20.898438,0.014954,5.704834,1Mb,imageio
8.009215,26.074524,19.421814,0.014954,4.564575,1Mb,imageio
7.471504,24.489075,18.460205,0.014954,4.300049,1Mb,imageio
13.196230,33.169739,23.523438,0.014954,7.337708,1Mb,imageio
8.211415,26.524963,19.750793,0.014954,4.679016,1Mb,imageio
11.468896,47.721680,36.409668,0.014954,6.510742,1Mb,imageio
9.072566,58.577454,48.587036,0.014954,5.492859,1Mb,imageio
8.078782,74.371643,64.313965,0.014954,4.815308,1Mb,imageio
8.387580,87.963440,75.778748,0.116211,6.363037,1Mb,imageio
11.214203,32.353149,23.735107,0.010986,6.343689,1Mb,imageio
7.559368,24.870117,18.927979,0.010986,4.316833,1Mb,imageio
12.431468,31.748901,22.660461,0.010986,6.931213,1Mb,imageio
8.952342,27.059448,19.905090,0.010986,5.070374,1Mb,imageio
11.307574,30.496887,21.981201,0.010986,6.320435,1Mb,imageio
13.034666,33.653870,23.988281,0.005737,7.289062,1Mb,imageio
8.640091,26.275940,19.571167,0.005737,4.894043,1Mb,imageio
9.064620,26.602600,19.715637,0.005737,5.128906,1Mb,imageio
7.398955,23.789490,17.885803,0.005737,4.216797,1Mb,imageio
11.870565,30.697937,22.242188,0.005737,6.625977,1Mb,imageio
8.133781,25.813538,19.098633,0.005737,4.626587,1Mb,imageio
13.864538,34.197815,24.147705,0.004456,7.694885,1Mb,imageio
8.593894,35.623657,23.037537,3.355774,7.580139,1Mb,imageio
8.389896,35.929382,23.957153,2.412720,7.110291,1Mb,imageio
8.489286,32.526917,23.989990,0.411560,5.256897,1Mb,imageio
10.230375,52.395081,40.976501,1.113220,7.248291,1Mb,imageio
8.286066,27.787354,20.226135,0.059814,4.918030,1Mb,imageio
8.285370,26.697754,19.309692,0.064392,4.890625,1Mb,imageio
8.746244,27.374451,19.916626,0.068726,5.135925,1Mb,imageio
12.211271,33.361633,23.313477,0.101257,7.119995,1Mb,imageio
10.652423,30.513428,21.950256,0.035522,6.073730,1Mb,imageio
7.569966,24.637878,18.680359,0.035522,4.320618,1Mb,imageio
13.917434,33.995300,24.406616,0.035522,7.781311,1Mb,imageio
8.998736,26.629089,19.848206,0.035522,5.063049,1Mb,imageio
9.721921,28.482788,20.778381,0.004272,5.488281,1Mb,imageio
7.777848,24.931641,18.868896,0.004272,4.441284,1Mb,imageio
7.398596,24.284302,18.155762,0.004272,4.202881,1Mb,imageio
11.016126,29.555054,21.265686,0.004272,6.151550,1Mb,imageio
6.677702,17.412659,11.824402,0.123413,4.024963,1Mb,ffmpeg
11.571977,25.431763,16.385010,0.202148,6.855713,1Mb,ffmpeg
6.592852,17.083862,11.507996,0.117371,3.960510,1Mb,ffmpeg
6.721659,17.170166,11.521851,0.119019,4.018311,1Mb,ffmpeg
7.133773,17.656433,11.933472,0.097900,4.223816,1Mb,ffmpeg
9.924713,22.127319,14.362366,0.140991,5.827271,1Mb,ffmpeg
7.262745,17.362305,11.901855,0.092712,4.213257,1Mb,ffmpeg
11.664987,24.104187,16.003540,0.081116,6.621521,1Mb,ffmpeg
7.877282,18.340454,12.520020,0.048401,4.489624,1Mb,ffmpeg
6.000164,14.946533,10.377991,0.036072,3.442810,1Mb,ffmpeg
6.068810,14.967224,10.491699,0.022827,3.456665,1Mb,ffmpeg
7.343475,16.483459,11.298340,0.023193,4.136963,1Mb,ffmpeg
9.838966,19.743225,13.059814,0.023926,5.467896,1Mb,ffmpeg
7.155555,16.875732,11.646790,0.020752,4.059326,1Mb,ffmpeg
6.238629,15.326050,10.656921,0.041992,3.595154,1Mb,ffmpeg
6.617323,15.744568,10.851562,0.020630,3.760437,1Mb,ffmpeg
6.976422,16.159424,11.059387,0.020935,3.954224,1Mb,ffmpeg
9.729098,19.992188,13.240479,0.035583,5.453491,1Mb,ffmpeg
7.831404,17.406921,11.711487,0.046204,4.449402,1Mb,ffmpeg
10.168152,21.206604,14.115784,0.065796,5.785461,1Mb,ffmpeg
7.057145,17.107605,11.866821,0.042053,4.067505,1Mb,ffmpeg
6.049509,14.448486,9.948608,0.042542,3.461853,1Mb,ffmpeg
9.273632,27.287292,20.137695,0.086853,5.612427,1Mb,ffmpeg
7.000376,16.331421,11.295227,0.021667,3.974548,1Mb,ffmpeg
6.346642,15.205322,10.575073,0.021851,3.598450,1Mb,ffmpeg
10.184894,21.425842,14.357178,0.080139,5.797119,1Mb,ffmpeg
7.465429,17.457581,12.030334,0.046448,4.270508,1Mb,ffmpeg
8.696916,18.336548,12.405579,0.022156,4.867371,1Mb,ffmpeg
10.025998,20.070374,13.413086,0.022766,5.585022,1Mb,ffmpeg
6.826529,17.244690,12.201416,0.061523,4.000793,1Mb,ffmpeg
6.913566,16.137085,11.096191,0.022339,3.923950,1Mb,ffmpeg
6.713469,16.098999,11.113159,0.021973,3.818420,1Mb,ffmpeg
7.065907,16.612915,11.320923,0.058105,4.052246,1Mb,ffmpeg
6.760589,16.267395,11.247192,0.023499,3.849182,1Mb,ffmpeg
9.497177,19.762695,13.135498,0.022888,5.302307,1Mb,ffmpeg
5.920453,14.859070,10.470764,0.024048,3.386475,1Mb,ffmpeg
5.634747,14.786194,10.374756,0.020691,3.224182,1Mb,ffmpeg
6.139930,15.230164,10.542725,0.042175,3.560730,1Mb,ffmpeg
8.082094,17.797363,12.069885,0.021362,4.541260,1Mb,ffmpeg
6.989421,16.202942,11.131714,0.020813,3.942200,1Mb,ffmpeg
6.305356,15.250305,10.520203,0.021545,3.574341,1Mb,ffmpeg
5.353727,13.774902,9.563416,0.034424,3.077454,1Mb,ffmpeg
5.788672,14.443115,10.065918,0.022339,3.311401,1Mb,ffmpeg
6.151997,15.346008,10.648621,0.025269,3.498108,1Mb,ffmpeg
9.596741,19.786682,13.060608,0.045410,5.387817,1Mb,ffmpeg
6.340167,15.490723,10.684021,0.041870,3.639954,1Mb,ffmpeg
5.620511,14.016968,9.671753,0.021851,3.195801,1Mb,ffmpeg
12.284721,27.308167,18.248230,0.043579,6.802124,1Mb,ffmpeg
6.339274,16.548157,11.674683,0.042725,3.672363,1Mb,ffmpeg
6.755647,16.521729,11.573975,0.056519,3.936035,1Mb,ffmpeg
9.616841,19.477600,12.968079,0.023132,5.370361,1Mb,ffmpeg
6.429197,15.503723,10.743408,0.045776,3.716248,1Mb,ffmpeg
6.918143,15.981018,11.117676,0.021179,3.932983,1Mb,ffmpeg
6.333889,15.009949,10.515869,0.021057,3.592896,1Mb,ffmpeg
6.806444,16.401855,11.322327,0.042542,3.889465,1Mb,ffmpeg
12.181960,24.404541,16.157104,0.064026,6.847717,1Mb,ffmpeg
7.972410,21.136475,15.545471,0.043274,4.290405,1Mb,ffmpeg
6.744507,58.040100,50.168701,0.035645,4.025635,1Mb,ffmpeg
11.741680,97.055420,83.406738,0.087280,8.674316,1Mb,ffmpeg
10.247445,32.793884,23.392273,0.065369,6.282776,1Mb,ffmpeg
11.760230,24.747009,16.337280,0.065063,6.655273,1Mb,ffmpeg
9.194715,20.796387,13.992310,0.040405,5.220337,1Mb,ffmpeg
5.839762,14.865967,10.350342,0.044128,3.379944,1Mb,ffmpeg
7.175202,32.880188,26.572388,0.033997,4.600769,1Mb,ffmpeg
6.942244,16.159058,10.975464,0.022827,3.900574,1Mb,ffmpeg
10.440226,21.678406,14.472351,0.070312,5.908264,1Mb,ffmpeg
5.623465,15.102051,10.636353,0.039978,3.293579,1Mb,ffmpeg
6.434467,15.593323,10.733337,0.043457,3.689331,1Mb,ffmpeg
12.183443,24.436768,15.944946,0.060730,6.862732,1Mb,ffmpeg
6.411556,15.869141,10.980103,0.021790,3.658264,1Mb,ffmpeg
8.720091,18.628479,12.560730,0.020813,4.858337,1Mb,ffmpeg
11.561411,23.631104,15.486633,0.058105,6.524292,1Mb,ffmpeg
10.742970,22.908325,15.285400,0.088074,6.144409,1Mb,ffmpeg
6.745879,16.292297,11.263184,0.040100,3.877808,1Mb,ffmpeg
9.615147,19.549133,13.142822,0.021790,5.335022,1Mb,ffmpeg
12.073612,23.667175,15.591858,0.041748,6.726196,1Mb,ffmpeg
6.547223,16.235779,11.352173,0.043274,3.803955,1Mb,ffmpeg
6.650916,16.095154,11.212952,0.056458,3.844604,1Mb,ffmpeg
6.605594,15.772827,10.980652,0.024719,3.758850,1Mb,ffmpeg
9.683098,20.212158,13.491699,0.045410,5.437195,1Mb,ffmpeg
6.420584,15.714294,10.884583,0.022400,3.634399,1Mb,ffmpeg
5.528461,14.581665,10.216675,0.040649,3.189941,1Mb,ffmpeg
6.749090,15.809387,10.907104,0.020142,3.807800,1Mb,ffmpeg
7.701059,17.596863,11.893677,0.040771,4.389160,1Mb,ffmpeg
6.511886,16.059631,11.108093,0.040588,3.760925,1Mb,ffmpeg
12.173311,24.759766,16.258545,0.060852,6.827637,1Mb,ffmpeg
6.543311,16.371094,11.426208,0.047180,3.806274,1Mb,ffmpeg
10.434345,21.682861,14.383118,0.063843,5.891724,1Mb,ffmpeg
6.645477,16.363464,11.349792,0.041382,3.818237,1Mb,ffmpeg
8.507098,18.225708,12.226562,0.021362,4.749817,1Mb,ffmpeg
12.122629,24.439636,16.135864,0.062988,6.827576,1Mb,ffmpeg
6.423639,16.253662,11.332520,0.042969,3.717590,1Mb,ffmpeg
6.390164,15.406860,10.615234,0.035095,3.639404,1Mb,ffmpeg
7.161299,16.522644,11.355530,0.023865,4.051453,1Mb,ffmpeg
7.264766,16.960083,11.595093,0.045837,4.130493,1Mb,ffmpeg
7.302386,16.835876,11.455750,0.043823,4.170776,1Mb,ffmpeg
9.578668,19.848389,13.259338,0.040833,5.362915,1Mb,ffmpeg
8.386100,25.390869,18.760254,0.084595,5.078796,1Mb,ffmpeg
10.742086,22.801880,15.302856,0.082031,6.109802,1Mb,ffmpeg
9.412979,20.624756,13.807007,0.059143,5.348511,1Mb,ffmpeg
17.791561,109.044678,89.984558,0.161438,10.412476,6Mb,opencv
18.154296,111.231445,91.954895,0.192749,10.808044,6Mb,opencv
19.648659,119.107544,98.720215,0.217590,11.837952,6Mb,opencv
18.228395,109.459534,90.793640,0.158752,10.769836,6Mb,opencv
16.419997,106.463989,89.005432,0.199951,9.740356,6Mb,opencv
18.961213,112.123047,91.404297,0.216614,11.184265,6Mb,opencv
15.798860,103.643066,87.131042,0.182434,9.347900,6Mb,opencv
18.406311,111.779968,92.086609,0.213196,10.974854,6Mb,opencv
15.630989,104.686707,87.158020,0.190186,9.198120,6Mb,opencv
15.967630,106.741211,89.166870,0.194275,9.438293,6Mb,opencv
15.646464,103.734009,87.338318,0.061035,8.933533,6Mb,opencv
17.008246,108.355957,90.023132,0.208008,10.114624,6Mb,opencv
19.152988,111.625916,92.018799,0.220276,11.312988,6Mb,opencv
17.804525,109.049988,90.610046,0.182556,10.448059,6Mb,opencv
16.519282,107.269531,89.177246,0.202026,9.783936,6Mb,opencv
19.237436,112.451843,91.913696,0.220764,11.366089,6Mb,opencv
15.789733,105.831909,88.878723,0.184631,9.296936,6Mb,opencv
17.855878,110.563416,91.407837,0.202698,10.485168,6Mb,opencv
15.927974,106.519836,88.665649,0.201965,9.430237,6Mb,opencv
15.875485,106.767273,89.244141,0.195190,9.360962,6Mb,opencv
15.875713,104.968933,88.405701,0.068115,9.023682,6Mb,opencv
20.673149,114.875244,94.019958,0.239563,12.092163,6Mb,opencv
15.777631,105.306274,88.226929,0.189819,9.287720,6Mb,opencv
16.781270,108.971680,90.508057,0.179443,9.851135,6Mb,opencv
15.971401,105.998901,88.325012,0.187683,9.418640,6Mb,opencv
17.949368,110.969971,91.659241,0.219543,10.626282,6Mb,opencv
16.289921,107.553650,89.288513,0.190491,9.625488,6Mb,opencv
15.757207,105.023560,88.483704,0.057373,8.949097,6Mb,opencv
16.178582,108.500244,90.318176,0.202271,9.553955,6Mb,opencv
16.031624,107.625793,89.740051,0.195984,9.436279,6Mb,opencv
18.099783,110.307007,91.196350,0.209167,10.680298,6Mb,opencv
15.756423,104.751892,88.572021,0.057861,8.901184,6Mb,opencv
16.230462,105.527893,88.261230,0.198792,9.598633,6Mb,opencv
17.919635,110.627869,91.154419,0.188049,10.506226,6Mb,opencv
16.187188,120.953857,102.933167,0.190369,9.679260,6Mb,opencv
15.793226,104.836548,88.343933,0.061646,8.919922,6Mb,opencv
16.303265,108.005005,89.501953,0.205627,9.688660,6Mb,opencv
16.456501,108.422852,90.416870,0.209229,9.740051,6Mb,opencv
18.198649,117.487732,98.166809,0.206421,10.868408,6Mb,opencv
22.883615,118.803894,95.915100,0.262573,13.524109,6Mb,opencv
16.272357,107.008179,89.056274,0.192810,9.613220,6Mb,opencv
16.835554,130.354004,102.775513,6.132812,15.306091,6Mb,opencv
16.276178,130.860229,109.519653,1.532776,11.538025,6Mb,opencv
21.202017,117.527893,95.238831,0.237793,12.456543,6Mb,opencv
15.646302,107.230530,89.654114,0.191589,9.238342,6Mb,opencv
15.995814,105.215881,88.441650,0.093933,9.186035,6Mb,opencv
20.544439,114.689941,93.901123,0.244568,12.196411,6Mb,opencv
16.340519,109.544067,91.447693,0.194824,9.625000,6Mb,opencv
16.377980,108.554077,90.498535,0.180054,9.635376,6Mb,opencv
17.749776,110.085022,91.016663,0.216614,10.507202,6Mb,opencv
16.092446,107.925598,89.368103,0.196289,9.506409,6Mb,opencv
17.981396,110.953186,91.256104,0.209778,10.612000,6Mb,opencv
15.915042,106.527222,88.954834,0.189941,9.344788,6Mb,opencv
19.042838,113.578430,93.352112,0.234131,11.345032,6Mb,opencv
17.807842,109.587097,90.882202,0.194092,10.509155,6Mb,opencv
16.128596,106.884399,88.925415,0.186157,9.489319,6Mb,opencv
18.432888,111.173218,91.342590,0.221313,10.926758,6Mb,opencv
15.872031,106.351440,88.397705,0.191833,9.332886,6Mb,opencv
17.460067,108.022461,90.557190,0.046448,9.926758,6Mb,opencv
17.447165,109.701233,90.847717,0.208801,10.341370,6Mb,opencv
17.878825,111.260864,91.895203,0.208313,10.689270,6Mb,opencv
18.177379,109.760803,91.014465,0.160400,10.563171,6Mb,opencv
16.381270,105.821167,87.791199,0.195618,9.764709,6Mb,opencv
17.537148,108.992432,90.518250,0.206238,10.322571,6Mb,opencv
18.967894,111.825439,92.057983,0.203674,11.266296,6Mb,opencv
15.878054,105.456848,88.722290,0.193909,9.365173,6Mb,opencv
16.548694,106.662354,88.506042,0.173584,9.815674,6Mb,opencv
18.263970,109.566711,90.620728,0.220703,10.843323,6Mb,opencv
15.651800,106.691162,88.538208,0.193420,9.213806,6Mb,opencv
16.059367,106.531128,89.052429,0.188416,9.524109,6Mb,opencv
16.702290,109.957764,90.444153,0.210144,9.870056,6Mb,opencv
16.584394,106.475952,89.652771,0.087158,9.479370,6Mb,opencv
15.941560,107.306824,89.318481,0.193726,9.426514,6Mb,opencv
16.513740,116.016907,97.029907,0.200073,9.982056,6Mb,opencv
16.130621,108.387939,90.433044,0.201965,9.543518,6Mb,opencv
15.908419,106.199219,88.777405,0.082886,9.095093,6Mb,opencv
16.142575,106.796021,89.136169,0.184570,9.481506,6Mb,opencv
16.232166,107.665955,89.781311,0.186401,9.575562,6Mb,opencv
16.201329,108.231873,90.201050,0.199036,9.563110,6Mb,opencv
17.070555,107.098572,89.546143,0.087646,9.736755,6Mb,opencv
16.460159,108.986145,90.975098,0.194092,9.635437,6Mb,opencv
21.303450,117.291260,96.106079,0.241089,12.621460,6Mb,opencv
17.735295,108.846069,90.633118,0.168945,10.362549,6Mb,opencv
16.129249,107.395935,89.162537,0.187988,9.537292,6Mb,opencv
15.757582,105.505859,88.101868,0.194824,9.258667,6Mb,opencv
15.902134,106.091248,88.718323,0.197937,9.403381,6Mb,opencv
15.868446,105.931519,89.594116,0.091858,9.123413,6Mb,opencv
18.056914,111.122742,91.258118,0.213379,10.742920,6Mb,opencv
15.965819,106.739441,88.911682,0.190674,9.423706,6Mb,opencv
16.581912,107.210999,89.375122,0.205200,9.781006,6Mb,opencv
16.448670,106.072083,88.461182,0.200378,9.767578,6Mb,opencv
18.450333,111.228088,91.698608,0.218567,10.885193,6Mb,opencv
15.900416,106.058655,88.261536,0.198792,9.423706,6Mb,opencv
16.206813,105.992004,88.193542,0.184204,9.574097,6Mb,opencv
16.734639,108.267456,89.955688,0.166016,9.792603,6Mb,opencv
15.719032,106.704773,89.394531,0.201172,9.245789,6Mb,opencv
17.929758,109.392822,91.125183,0.080872,10.228394,6Mb,opencv
16.156449,106.311646,88.897522,0.197327,9.594971,6Mb,opencv
16.558252,108.112671,89.894470,0.196533,9.836121,6Mb,opencv
17.562476,109.990173,91.318604,0.215698,10.390747,6Mb,opencv
20.989575,117.543457,97.075439,0.253418,12.713989,6Mb,imageio
16.148948,109.812683,92.220459,0.308777,10.092163,6Mb,imageio
26.077243,135.776062,109.734436,0.478271,16.215637,6Mb,imageio
16.287178,111.082275,93.492859,0.178101,9.860229,6Mb,imageio
18.760859,116.277527,95.787720,0.315552,11.570435,6Mb,imageio
18.089839,114.139648,94.392517,0.288208,11.123047,6Mb,imageio
16.144691,111.645203,93.729797,0.217651,9.912537,6Mb,imageio
18.548343,116.107788,96.211121,0.307068,11.387878,6Mb,imageio
17.087121,113.682129,94.669983,0.279297,10.548157,6Mb,imageio
17.605334,114.976318,95.174500,0.233459,10.817383,6Mb,imageio
22.148340,121.857300,100.111084,0.305847,13.369751,6Mb,imageio
21.474943,121.322144,99.263000,0.330811,13.183044,6Mb,imageio
16.552510,110.911255,93.310913,0.171631,9.973328,6Mb,imageio
16.895309,113.357727,94.559692,0.271606,10.410461,6Mb,imageio
18.314588,115.163940,96.011597,0.289612,11.232727,6Mb,imageio
19.097511,116.166443,96.553101,0.246521,11.643555,6Mb,imageio
16.344735,112.029419,93.476685,0.256470,10.087646,6Mb,imageio
16.314614,111.872559,93.661987,0.258850,10.022766,6Mb,imageio
21.218969,120.212769,98.741882,0.319824,12.891418,6Mb,imageio
20.100490,118.068970,97.522095,0.316956,12.253967,6Mb,imageio
19.486300,116.307434,95.812317,0.307678,11.950745,6Mb,imageio
16.127390,109.823669,92.846802,0.224121,9.862854,6Mb,imageio
20.164381,119.515381,97.630798,0.294922,12.286560,6Mb,imageio
17.559760,114.190308,95.165527,0.309448,10.837891,6Mb,imageio
21.418425,119.654968,98.265259,0.225281,12.759705,6Mb,imageio
18.056337,115.600281,96.263184,0.279541,11.065857,6Mb,imageio
17.854145,117.225342,97.352234,0.291443,11.045227,6Mb,imageio
17.990001,114.968750,95.754822,0.239441,10.974487,6Mb,imageio
19.298093,116.284241,95.825623,0.291016,11.862915,6Mb,imageio
19.926399,118.702271,98.025024,0.300781,12.225708,6Mb,imageio
17.344004,113.741943,94.593933,0.233521,10.604675,6Mb,imageio
16.407096,112.188904,93.853455,0.238464,10.040527,6Mb,imageio
16.613105,113.164246,94.749939,0.275757,10.244690,6Mb,imageio
18.917987,117.916321,97.290894,0.278198,11.574402,6Mb,imageio
22.065570,123.189880,99.985107,0.350952,13.487000,6Mb,imageio
16.923369,120.915161,101.651672,0.405273,10.960083,6Mb,imageio
16.984589,112.577881,94.067261,0.208069,10.264465,6Mb,imageio
16.648205,112.807373,93.937805,0.231201,10.196777,6Mb,imageio
17.503055,115.133728,95.538452,0.297607,10.798157,6Mb,imageio
17.275321,113.898010,94.769653,0.261780,10.592957,6Mb,imageio
16.556896,112.791931,94.499146,0.278564,10.229309,6Mb,imageio
16.307383,112.462036,94.283936,0.278748,10.067749,6Mb,imageio
16.254044,112.656799,94.127930,0.281067,10.046692,6Mb,imageio
16.048051,108.738098,92.233093,0.153625,9.643860,6Mb,imageio
17.634451,114.039307,95.224609,0.277161,10.877869,6Mb,imageio
16.307878,111.865112,93.890991,0.261230,10.054932,6Mb,imageio
17.504064,114.830322,95.096313,0.296997,10.802124,6Mb,imageio
18.030366,116.065796,96.273010,0.248047,11.040039,6Mb,imageio
16.323354,111.615479,93.739380,0.180054,9.902832,6Mb,imageio
16.157674,111.541443,93.702148,0.193970,9.868103,6Mb,imageio
20.344452,118.110046,97.675110,0.225708,12.227600,6Mb,imageio
16.813618,111.997131,93.658142,0.186157,10.190430,6Mb,imageio
16.997689,113.743042,95.231079,0.169922,10.296875,6Mb,imageio
16.395136,112.165833,93.971558,0.193970,9.996826,6Mb,imageio
16.428197,111.667236,93.723816,0.204285,10.054504,6Mb,imageio
16.620140,114.601685,95.749573,0.200867,10.143372,6Mb,imageio
17.288636,111.320190,93.837402,0.071472,10.139343,6Mb,imageio
16.328228,112.767029,94.387817,0.198730,9.908630,6Mb,imageio
18.373893,116.731323,96.756165,0.210266,11.201416,6Mb,imageio
17.231698,112.954041,94.521851,0.190857,10.490845,6Mb,imageio
17.443698,114.334839,95.508972,0.201355,10.603333,6Mb,imageio
18.441971,115.820862,96.099304,0.210266,11.185303,6Mb,imageio
18.069897,114.704590,95.472046,0.191223,10.946167,6Mb,imageio
20.572893,120.068542,98.735840,0.254700,12.563049,6Mb,imageio
18.154566,115.040527,95.622864,0.212708,11.121155,6Mb,imageio
16.833051,112.619385,94.255493,0.164856,10.132568,6Mb,imageio
21.124182,121.319275,99.486450,0.236023,12.668335,6Mb,imageio
22.100485,122.341003,99.363342,0.239014,13.292542,6Mb,imageio
20.358796,118.434937,97.752136,0.131470,12.039124,6Mb,imageio
26.232037,135.510681,109.777832,0.279419,15.834229,6Mb,imageio
17.328913,113.450867,94.541260,0.177551,10.461121,6Mb,imageio
21.240135,120.362427,99.021973,0.128479,12.631531,6Mb,imageio
18.088447,115.015686,95.171082,0.213196,10.962830,6Mb,imageio
18.876221,116.264404,95.943359,0.214172,11.463440,6Mb,imageio
17.676542,112.809448,93.802673,0.183289,10.675903,6Mb,imageio
16.747391,112.507141,93.797180,0.197144,10.190552,6Mb,imageio
18.214904,115.109558,95.635803,0.212280,11.061096,6Mb,imageio
19.203559,116.717102,96.707397,0.192932,11.668762,6Mb,imageio
16.583102,112.179749,93.774353,0.195679,10.036377,6Mb,imageio
16.199932,111.661499,93.578979,0.193054,9.864929,6Mb,imageio
16.629053,112.859741,94.226257,0.210083,10.098083,6Mb,imageio
19.725873,114.823181,95.477173,0.086304,11.494141,6Mb,imageio
16.702161,113.102234,94.810303,0.202637,10.126892,6Mb,imageio
17.270803,113.609009,94.258240,0.212158,10.508179,6Mb,imageio
16.775998,112.739197,94.199585,0.208252,10.250732,6Mb,imageio
16.494266,111.865906,93.566895,0.198914,10.028320,6Mb,imageio
17.254781,112.619080,94.058472,0.207031,10.529480,6Mb,imageio
16.253277,111.520081,93.992615,0.197998,9.916016,6Mb,imageio
20.654896,116.900757,97.890381,0.072998,12.049072,6Mb,imageio
17.763751,113.927124,94.677795,0.223999,10.766052,6Mb,imageio
20.826948,117.859985,96.952332,0.238220,12.562439,6Mb,imageio
16.585186,110.718628,93.199219,0.166199,10.047729,6Mb,imageio
18.580980,115.677917,95.784363,0.208069,11.347595,6Mb,imageio
17.770722,114.925903,95.765991,0.182495,10.741882,6Mb,imageio
16.476064,112.180908,94.093018,0.181274,10.025757,6Mb,imageio
18.716179,116.835999,96.426025,0.216553,11.407837,6Mb,imageio
22.443029,120.846619,98.543945,0.225586,13.428284,6Mb,imageio
16.757947,110.404419,92.702515,0.145813,10.169800,6Mb,imageio
20.895139,117.729370,96.735718,0.238159,12.658997,6Mb,imageio
18.072867,113.863159,94.840149,0.208130,11.019165,6Mb,imageio
8.321330,41.228210,32.892334,0.079956,4.914429,6Mb,ffmpeg
11.804196,47.749268,36.396606,0.214233,7.152710,6Mb,ffmpeg
11.736035,47.076050,36.238647,0.214966,7.086853,6Mb,ffmpeg
8.466070,41.597900,33.147583,0.154846,5.200317,6Mb,ffmpeg
7.538463,40.301697,32.279419,0.181580,4.655640,6Mb,ffmpeg
7.556039,41.097900,33.282837,0.161926,4.675537,6Mb,ffmpeg
8.537252,41.991943,33.624390,0.125671,5.133789,6Mb,ffmpeg
12.421875,48.598450,37.362915,0.190552,7.436218,6Mb,ffmpeg
9.013881,42.685669,33.544678,0.182434,5.582153,6Mb,ffmpeg
9.003035,42.555908,33.733582,0.165405,5.500305,6Mb,ffmpeg
7.442378,39.226074,31.552063,0.151672,4.577576,6Mb,ffmpeg
7.457231,39.717468,31.790405,0.174866,4.625122,6Mb,ffmpeg
8.257505,40.688782,32.539307,0.112549,4.965027,6Mb,ffmpeg
7.090219,38.897034,31.261169,0.151733,4.317810,6Mb,ffmpeg
8.868627,43.127869,34.203125,0.155884,5.432556,6Mb,ffmpeg
7.227788,39.099426,31.309021,0.170166,4.485535,6Mb,ffmpeg
8.664965,42.530212,33.602234,0.164978,5.293335,6Mb,ffmpeg
13.708372,52.064880,39.451294,0.224976,8.319031,6Mb,ffmpeg
8.514300,41.997681,33.411804,0.144958,5.226196,6Mb,ffmpeg
8.403794,41.131348,32.657471,0.171509,5.156189,6Mb,ffmpeg
7.517499,39.920410,31.794250,0.147522,4.614868,6Mb,ffmpeg
7.415238,39.700012,32.049194,0.167969,4.578430,6Mb,ffmpeg
7.403007,40.899536,32.892395,0.162048,4.555542,6Mb,ffmpeg
7.467547,39.561340,31.563477,0.147766,4.582520,6Mb,ffmpeg
8.149151,42.563232,33.815552,0.178101,5.081848,6Mb,ffmpeg
8.342708,41.570618,33.421753,0.120605,5.080933,6Mb,ffmpeg
10.187020,45.106812,35.006775,0.199890,6.190796,6Mb,ffmpeg
7.092435,39.047485,31.583374,0.167664,4.389893,6Mb,ffmpeg
7.175855,39.609314,31.906128,0.167297,4.416809,6Mb,ffmpeg
7.534527,39.496521,31.730042,0.177368,4.631165,6Mb,ffmpeg
7.667439,40.668579,32.241272,0.156494,4.676758,6Mb,ffmpeg
7.986500,42.190979,33.998718,0.148132,4.941223,6Mb,ffmpeg
7.412978,39.037170,31.603333,0.140015,4.503967,6Mb,ffmpeg
7.632320,39.863403,31.868652,0.147522,4.709656,6Mb,ffmpeg
10.590231,46.156616,35.833679,0.245667,6.587219,6Mb,ffmpeg
8.052827,40.415161,32.098022,0.158081,4.888733,6Mb,ffmpeg
11.420039,55.435242,44.116089,0.300537,7.326172,6Mb,ffmpeg
7.203387,38.632324,31.052124,0.126709,4.343750,6Mb,ffmpeg
7.054083,40.080566,32.845764,0.138916,4.286560,6Mb,ffmpeg
11.715896,46.702881,35.863342,0.188660,7.000000,6Mb,ffmpeg
7.665131,39.709351,31.680054,0.129639,4.610718,6Mb,ffmpeg
8.698978,42.842285,33.963196,0.165771,5.338196,6Mb,ffmpeg
7.423497,39.836182,31.975220,0.152771,4.572510,6Mb,ffmpeg
7.993980,41.052612,32.557617,0.178162,4.960205,6Mb,ffmpeg
8.054264,41.718018,33.239441,0.168701,4.927124,6Mb,ffmpeg
7.912904,40.012451,31.999023,0.160034,4.807617,6Mb,ffmpeg
7.677866,40.576538,32.514343,0.153992,4.687134,6Mb,ffmpeg
14.797181,52.246399,39.275513,0.219971,8.820435,6Mb,ffmpeg
10.735845,45.848633,35.432922,0.157410,6.488953,6Mb,ffmpeg
9.654184,43.332886,34.005249,0.165466,5.863831,6Mb,ffmpeg
7.429703,39.265076,31.575378,0.124268,4.480408,6Mb,ffmpeg
7.892906,40.709839,32.199707,0.177429,4.891541,6Mb,ffmpeg
8.041881,41.117493,32.860901,0.188049,4.996033,6Mb,ffmpeg
8.154629,41.441040,32.754517,0.153809,4.993164,6Mb,ffmpeg
8.028681,41.147156,32.844910,0.154236,4.936035,6Mb,ffmpeg
8.306538,41.256348,32.679199,0.198730,5.141479,6Mb,ffmpeg
7.676651,39.797974,32.078125,0.136536,4.699097,6Mb,ffmpeg
8.407581,41.464722,32.902100,0.155701,5.180847,6Mb,ffmpeg
7.330070,39.271545,31.636780,0.169739,4.546570,6Mb,ffmpeg
9.762353,43.835876,34.351074,0.165466,5.904236,6Mb,ffmpeg
8.074770,42.223877,33.685974,0.177185,4.961182,6Mb,ffmpeg
7.642351,40.164551,32.083557,0.170471,4.705444,6Mb,ffmpeg
8.774831,42.772949,33.816101,0.169250,5.429565,6Mb,ffmpeg
8.590367,40.793884,32.943665,0.079651,5.108032,6Mb,ffmpeg
7.164728,38.923279,31.310974,0.144043,4.345459,6Mb,ffmpeg
8.056176,41.564514,32.968384,0.182983,4.999939,6Mb,ffmpeg
7.147767,38.574951,31.013794,0.150879,4.374207,6Mb,ffmpeg
8.033502,42.915710,34.391663,0.174927,5.019958,6Mb,ffmpeg
7.592285,39.586426,31.808167,0.160645,4.615051,6Mb,ffmpeg
8.483845,42.700989,33.869629,0.178101,5.280334,6Mb,ffmpeg
7.454419,39.419983,31.815308,0.122192,4.480103,6Mb,ffmpeg
7.155330,39.666931,32.012512,0.141846,4.391113,6Mb,ffmpeg
7.231697,38.946655,31.464111,0.169800,4.456116,6Mb,ffmpeg
12.921361,50.277466,38.254822,0.205261,7.802368,6Mb,ffmpeg
8.744096,41.317688,32.696472,0.161926,5.301819,6Mb,ffmpeg
7.740714,40.198425,32.093140,0.156433,4.753784,6Mb,ffmpeg
7.543953,39.765686,32.061340,0.151855,4.642822,6Mb,ffmpeg
8.667793,41.998291,33.110962,0.166138,5.285034,6Mb,ffmpeg
12.915203,48.878967,37.265747,0.214844,7.673767,6Mb,ffmpeg
7.147801,38.130005,30.596558,0.128418,4.295532,6Mb,ffmpeg
6.995039,38.739014,31.222717,0.171387,4.331116,6Mb,ffmpeg
12.160378,68.434570,46.254700,6.636414,12.193420,6Mb,ffmpeg
8.622572,66.611694,55.206665,1.688416,6.855103,6Mb,ffmpeg
8.875252,43.141724,34.044189,0.170654,5.488892,6Mb,ffmpeg
12.117787,47.880981,36.633301,0.211670,7.299194,6Mb,ffmpeg
8.506610,42.431091,33.743591,0.153503,5.227173,6Mb,ffmpeg
7.387148,39.100464,31.424194,0.151978,4.473389,6Mb,ffmpeg
7.239734,39.045532,31.475525,0.139709,4.413208,6Mb,ffmpeg
8.707237,41.577515,33.134888,0.132996,5.267029,6Mb,ffmpeg
7.586461,40.191711,32.034119,0.145569,4.637939,6Mb,ffmpeg
8.787239,42.704834,33.664185,0.193481,5.464417,6Mb,ffmpeg
8.656726,42.840149,33.714233,0.186523,5.375732,6Mb,ffmpeg
8.179268,41.092407,32.778381,0.160828,4.993225,6Mb,ffmpeg
8.070170,41.106445,32.584229,0.154053,4.960632,6Mb,ffmpeg
8.001531,41.108459,32.826233,0.160400,4.864624,6Mb,ffmpeg
8.565298,41.150940,33.054321,0.093994,5.076599,6Mb,ffmpeg
8.366033,41.349548,32.984314,0.155151,5.146179,6Mb,ffmpeg
8.622772,42.527222,33.536194,0.192444,5.370789,6Mb,ffmpeg
6.873376,38.824890,31.361755,0.140747,4.160767,6Mb,ffmpeg
10.570802,44.990723,35.104431,0.174255,6.359497,6Mb,ffmpeg
21.413678,123.857849,101.605164,0.318604,13.312561,6Mb,moviepy
16.578306,113.721375,94.686035,0.255432,10.338745,6Mb,moviepy
16.427216,111.959656,93.752136,0.203125,10.134216,6Mb,moviepy
18.812267,115.303467,95.279175,0.274719,11.560974,6Mb,moviepy
17.901567,114.915771,95.492371,0.250977,11.093811,6Mb,moviepy
16.710642,115.228027,96.110352,0.190552,10.333801,6Mb,moviepy
19.322513,117.507996,97.086121,0.278809,11.890930,6Mb,moviepy
16.309693,112.461365,94.115784,0.257141,10.211792,6Mb,moviepy
19.315007,118.047058,97.675415,0.207581,11.779907,6Mb,moviepy
16.298300,111.960144,93.330139,0.239075,10.067444,6Mb,moviepy
17.690460,114.016113,95.001160,0.254578,10.925415,6Mb,moviepy
16.590581,113.034607,94.534424,0.238831,10.261108,6Mb,moviepy
18.312722,115.653381,95.675964,0.249390,11.236145,6Mb,moviepy
19.507526,127.743774,106.349731,0.440613,12.710876,6Mb,moviepy
16.237762,111.528137,93.963623,0.203491,9.954895,6Mb,moviepy
18.678302,117.779358,97.339478,0.292786,11.544739,6Mb,moviepy
16.546032,112.962402,94.378174,0.224976,10.224915,6Mb,moviepy
17.591856,114.437622,95.282410,0.222290,10.813232,6Mb,moviepy
18.534529,116.309814,96.402954,0.255859,11.430542,6Mb,moviepy
18.828275,116.547119,96.546692,0.270386,11.535339,6Mb,moviepy
16.656660,111.479492,93.744385,0.189453,10.198669,6Mb,moviepy
16.262389,113.181702,94.419189,0.235229,10.024109,6Mb,moviepy
16.163283,111.440063,93.394836,0.255920,10.002502,6Mb,moviepy
16.435847,112.374023,93.906738,0.244385,10.170532,6Mb,moviepy
16.490942,110.831909,93.638916,0.143494,9.919312,6Mb,moviepy
16.265385,112.872009,94.247192,0.258545,10.116211,6Mb,moviepy
22.149357,122.853577,100.535950,0.314636,13.473145,6Mb,moviepy
17.925017,114.087463,94.650940,0.189087,10.978027,6Mb,moviepy
18.522396,117.492004,97.738464,0.259949,11.534363,6Mb,moviepy
16.183816,112.738770,94.388672,0.247742,10.021240,6Mb,moviepy
16.414859,113.416870,94.382690,0.297485,10.288208,6Mb,moviepy
16.940673,114.432678,95.557861,0.255066,10.517883,6Mb,moviepy
16.343694,112.349304,94.279358,0.234131,10.097229,6Mb,moviepy
18.193785,115.648621,96.281799,0.260437,11.207031,6Mb,moviepy
16.386077,111.243896,92.690491,0.235474,10.133850,6Mb,moviepy
16.598698,114.204529,95.685425,0.242554,10.286499,6Mb,moviepy
18.631060,118.034607,97.925415,0.300598,11.586670,6Mb,moviepy
18.343624,116.029297,96.030884,0.260193,11.305115,6Mb,moviepy
18.189356,115.292786,95.202759,0.256836,11.260986,6Mb,moviepy
16.346698,112.211914,93.944153,0.204956,10.028137,6Mb,moviepy
16.466664,113.027466,94.756348,0.270691,10.201599,6Mb,moviepy
16.961181,113.636414,94.909668,0.254028,10.515869,6Mb,moviepy
16.550177,112.311829,94.025269,0.236328,10.278625,6Mb,moviepy
16.480396,111.333740,93.839722,0.078613,9.779053,6Mb,moviepy
16.747484,113.211609,94.395020,0.239807,10.329895,6Mb,moviepy
18.749349,117.217163,97.146301,0.285950,11.596497,6Mb,moviepy
16.458855,111.931946,93.649414,0.206970,10.151306,6Mb,moviepy
18.207027,116.069641,95.804626,0.271423,11.263245,6Mb,moviepy
18.189019,124.897461,104.234253,0.400330,11.779236,6Mb,moviepy
16.603587,112.156067,93.699402,0.202271,10.171021,6Mb,moviepy
16.275751,114.993103,96.451172,0.243591,10.107849,6Mb,moviepy
16.360858,114.163757,95.625000,0.251953,10.140930,6Mb,moviepy
16.720665,113.893982,95.100342,0.300110,10.440247,6Mb,moviepy
18.005579,114.227173,95.727783,0.116455,10.760803,6Mb,moviepy
17.994367,115.965271,96.142639,0.276367,11.102905,6Mb,moviepy
16.720802,114.026733,95.377380,0.257263,10.347717,6Mb,moviepy
18.497211,116.835754,97.081848,0.289795,11.390991,6Mb,moviepy
17.720430,116.993103,96.903564,0.299316,11.003418,6Mb,moviepy
18.586519,117.649597,97.534424,0.290649,11.498596,6Mb,moviepy
16.277206,112.564331,94.664551,0.246643,10.148438,6Mb,moviepy
16.508116,114.498718,95.972778,0.271484,10.225342,6Mb,moviepy
17.408724,116.342407,96.686401,0.302979,10.794250,6Mb,moviepy
16.464659,113.576416,95.204407,0.262939,10.220459,6Mb,moviepy
17.017278,113.176819,95.516357,0.126038,10.196899,6Mb,moviepy
18.092543,117.593079,97.726562,0.274963,11.155029,6Mb,moviepy
17.360446,114.889465,95.632080,0.318115,10.870789,6Mb,moviepy
17.723463,115.405457,95.653809,0.230713,10.921875,6Mb,moviepy
16.432800,113.464844,95.073853,0.250488,10.185059,6Mb,moviepy
17.666560,115.864929,96.157288,0.274658,10.960571,6Mb,moviepy
20.417846,119.950562,99.118896,0.252686,12.302612,6Mb,moviepy
17.697609,118.324341,98.157593,0.287781,10.998962,6Mb,moviepy
17.989073,116.702393,96.842346,0.280029,11.216003,6Mb,moviepy
16.728488,113.099548,94.877747,0.255249,10.402344,6Mb,moviepy
16.685689,114.288940,95.445374,0.252258,10.327087,6Mb,moviepy
17.322671,114.777161,95.862427,0.278198,10.719482,6Mb,moviepy
16.794835,114.001770,95.155151,0.269714,10.373108,6Mb,moviepy
17.303562,117.548401,98.057556,0.274963,10.725586,6Mb,moviepy
18.631717,117.074158,97.269409,0.264038,11.423096,6Mb,moviepy
18.091049,115.758484,96.275757,0.264099,11.139465,6Mb,moviepy
18.384439,117.741638,97.653809,0.312134,11.424500,6Mb,moviepy
16.467210,114.827148,95.600464,0.282959,10.237610,6Mb,moviepy
18.672644,116.869751,96.718445,0.237000,11.440186,6Mb,moviepy
16.328020,113.188782,95.022095,0.314026,10.230774,6Mb,moviepy
18.923067,127.423889,106.408386,0.406250,12.285461,6Mb,moviepy
16.536007,112.949829,94.777283,0.247437,10.257019,6Mb,moviepy
18.584609,117.811035,97.791016,0.277405,11.432129,6Mb,moviepy
17.436237,115.374573,96.183167,0.280396,10.819092,6Mb,moviepy
16.344182,114.000305,95.487244,0.248291,10.122620,6Mb,moviepy
17.757610,116.721375,96.441040,0.271912,10.963806,6Mb,moviepy
19.309796,120.394409,99.478516,0.285767,11.850586,6Mb,moviepy
23.076514,123.495117,100.848816,0.221863,13.892639,6Mb,moviepy
18.613373,116.825684,96.903809,0.274414,11.465820,6Mb,moviepy
18.356012,116.051758,96.573120,0.285767,11.348633,6Mb,moviepy
16.531889,112.673645,94.150513,0.219971,10.188843,6Mb,moviepy
17.583580,114.619751,95.686401,0.274597,10.944641,6Mb,moviepy
16.486337,113.841919,95.034546,0.257263,10.215332,6Mb,moviepy
16.888572,114.795410,96.080688,0.276245,10.431213,6Mb,moviepy
16.657014,113.738953,94.647461,0.248474,10.356201,6Mb,moviepy
16.686429,114.768616,96.338135,0.290771,10.399780,6Mb,moviepy
17.036648,115.514099,95.909058,0.344299,10.710266,6Mb,moviepy
