compute_time,download_size,download_time,video,library,upload_size,upload_time
1.446807,1000002,2.820284,1Mb,moviepy,7932321,6.898299
1.452117,1000002,3.286648,1Mb,moviepy,7932321,4.681131
1.439652,1000002,2.451386,1Mb,moviepy,7932321,8.621693
1.448636,1000002,1.799743,1Mb,moviepy,7932321,5.20622
1.453122,1000002,2.490697,1Mb,moviepy,7932321,3.710586
1.475268,1000002,4.396746,1Mb,moviepy,7932321,5.544584
1.468634,1000002,3.051037,1Mb,moviepy,7932321,3.663922
1.433416,1000002,1.846684,1Mb,moviepy,7932321,3.44001
1.48694,1000002,2.372221,1Mb,moviepy,7932321,3.952671
1.433851,1000002,2.762467,1Mb,moviepy,7932321,5.332848
1.438043,1000002,1.888281,1Mb,moviepy,7932321,8.341083
1.434646,1000002,2.536844,1Mb,moviepy,7932321,6.274722
1.437397,1000002,2.49146,1Mb,moviepy,7932321,6.011388
1.455975,1000002,2.176084,1Mb,moviepy,7932321,5.50794
1.451946,1000002,2.475812,1Mb,moviepy,7932321,5.782702
1.438967,1000002,2.636109,1Mb,moviepy,7932321,5.683897
1.447217,1000002,1.833794,1Mb,moviepy,7932321,7.971892
1.448184,1000002,1.706906,1Mb,moviepy,7932321,8.128288
1.48475,1000002,2.473658,1Mb,moviepy,7932321,5.241802
1.434172,1000002,2.456699,1Mb,moviepy,7932321,7.2808
1.461242,1000002,2.786986,1Mb,moviepy,7932321,5.68736
1.436309,1000002,2.593086,1Mb,moviepy,7932321,5.597923
1.444372,1000002,1.618118,1Mb,moviepy,7932321,5.859642
1.465294,1000002,2.589458,1Mb,moviepy,7932321,5.724404
1.448735,1000002,2.406623,1Mb,moviepy,7932321,5.41503
1.47521,1000002,2.894218,1Mb,moviepy,7932321,5.715732
1.449126,1000002,2.612857,1Mb,moviepy,7932321,5.860491
1.439844,1000002,2.767863,1Mb,moviepy,7932321,5.780751
1.472626,1000002,2.25198,1Mb,moviepy,7932321,5.584907
1.461855,1000002,2.500754,1Mb,moviepy,7932321,8.025577
1.460045,1000002,1.497295,1Mb,moviepy,7932321,8.442937
1.451911,1000002,2.612498,1Mb,moviepy,7932321,5.776908
1.44429,1000002,1.777022,1Mb,moviepy,7932321,7.174702
1.465508,1000002,3.291712,1Mb,moviepy,7932321,5.940339
1.456185,1000002,2.466257,1Mb,moviepy,7932321,7.176688
1.435854,1000002,4.516434,1Mb,moviepy,7932321,8.685305
1.447344,1000002,3.191056,1Mb,moviepy,7932321,4.029184
1.450651,1000002,2.597238,1Mb,moviepy,7932321,4.02164
1.436872,1000002,3.143029,1Mb,moviepy,7932321,7.349195
1.467538,1000002,2.863916,1Mb,moviepy,7932321,4.28894
1.440821,1000002,4.274149,1Mb,moviepy,7932321,4.150741
1.455158,1000002,2.304878,1Mb,moviepy,7932321,9.29701
1.451701,1000002,2.498853,1Mb,moviepy,7932321,6.124319
1.481621,1000002,2.446797,1Mb,moviepy,7932321,4.322795
1.4419,1000002,1.426048,1Mb,moviepy,7932321,8.544232
1.43431,1000002,1.804214,1Mb,moviepy,7932321,4.018256
1.483867,1000002,2.621559,1Mb,moviepy,7932321,8.139229
1.450719,1000002,2.190682,1Mb,moviepy,7932321,4.047016
1.441513,1000002,2.390955,1Mb,moviepy,7932321,10.250172
1.473851,1000002,1.745711,1Mb,moviepy,7932321,4.15482
1.462615,1000002,1.637895,1Mb,moviepy,7932321,4.222167
1.447308,1000002,1.884189,1Mb,moviepy,7932321,4.08468
1.435326,1000002,2.877246,1Mb,moviepy,7932321,4.137132
1.452832,1000002,2.361025,1Mb,moviepy,7932321,4.221877
1.441982,1000002,2.573316,1Mb,moviepy,7932321,9.143647
1.448851,1000002,2.892461,1Mb,moviepy,7932321,4.463147
1.469297,1000002,2.229219,1Mb,moviepy,7932321,4.233698
1.463158,1000002,1.920547,1Mb,moviepy,7932321,4.246455
1.453339,1000002,4.52116,1Mb,moviepy,7932321,9.949958
1.451955,1000002,2.557644,1Mb,moviepy,7932321,4.255297
1.441311,1000002,2.729202,1Mb,moviepy,7932321,4.110774
1.477922,1000002,3.145245,1Mb,moviepy,7932321,3.966522
1.454569,1000002,2.525005,1Mb,moviepy,7932321,4.226902
1.444894,1000002,3.157741,1Mb,moviepy,7932321,4.154588
1.442109,1000002,2.632667,1Mb,moviepy,7932321,8.976602
1.441302,1000002,2.402594,1Mb,moviepy,7932321,4.19035
1.4835,1000002,2.371043,1Mb,moviepy,7932321,4.453332
1.438358,1000002,2.994167,1Mb,moviepy,7932321,4.222758
1.456424,1000002,2.437411,1Mb,moviepy,7932321,8.857121
1.437556,1000002,2.739214,1Mb,moviepy,7932321,4.230937
1.450302,1000002,4.983834,1Mb,moviepy,7932321,4.378772
1.475715,1000002,2.401791,1Mb,moviepy,7932321,9.9346
1.44554,1000002,2.515077,1Mb,moviepy,7932321,4.225289
1.43598,1000002,1.657787,1Mb,moviepy,7932321,4.11667
1.451569,1000002,2.21143,1Mb,moviepy,7932321,4.271591
1.455526,1000002,4.35948,1Mb,moviepy,7932321,8.982241
1.449283,1000002,1.818067,1Mb,moviepy,7932321,4.59859
1.446421,1000002,2.794405,1Mb,moviepy,7932321,4.424044
1.456797,1000002,3.128191,1Mb,moviepy,7932321,4.257748
1.434186,1000002,2.417547,1Mb,moviepy,7932321,4.279641
1.441691,1000002,2.983902,1Mb,moviepy,7932321,4.003647
1.482191,1000002,2.239037,1Mb,moviepy,7932321,5.144063
1.451347,1000002,1.786297,1Mb,moviepy,7932321,4.384334
1.447221,1000002,2.141714,1Mb,moviepy,7932321,4.242094
1.480125,1000002,1.93045,1Mb,moviepy,7932321,4.115052
1.436185,1000002,2.279628,1Mb,moviepy,7932321,4.424032
1.462163,1000002,3.193024,1Mb,moviepy,7932321,4.407229
1.43332,1000002,2.392974,1Mb,moviepy,7932321,14.012341
1.435064,1000002,3.928609,1Mb,moviepy,7932321,4.884737
1.464886,1000002,1.650387,1Mb,moviepy,7932321,9.909066
1.472288,1000002,2.578844,1Mb,moviepy,7932321,5.374734
1.462603,1000002,2.982213,1Mb,moviepy,7932321,8.511832
1.438911,1000002,2.571841,1Mb,moviepy,7932321,4.288461
1.435026,1000002,2.570707,1Mb,moviepy,7932321,4.295727
1.479614,1000002,2.420039,1Mb,moviepy,7932321,5.50223
1.462752,1000002,2.423724,1Mb,moviepy,7932321,4.998226
1.434914,1000002,2.000408,1Mb,moviepy,7932321,5.288634
1.448021,1000002,2.601462,1Mb,moviepy,7932321,8.760086
1.452522,1000002,2.517537,1Mb,moviepy,7932321,7.859302
1.491771,1000002,1.611444,1Mb,moviepy,7932321,5.880654
0.451351,1000002,2.027645,1Mb,ffmpeg,4595100,4.144125
0.4576,1000002,2.673019,1Mb,ffmpeg,4595100,8.388698
0.449273,1000002,2.182935,1Mb,ffmpeg,4595100,3.866329
0.453077,1000002,2.286269,1Mb,ffmpeg,4595100,3.933403
0.447571,1000002,2.494079,1Mb,ffmpeg,4595100,4.148355
0.455182,1000002,2.849437,1Mb,ffmpeg,4595100,6.579484
0.450881,1000002,2.514692,1Mb,ffmpeg,4595100,4.24885
0.45766,1000002,4.234774,1Mb,ffmpeg,4595100,6.928379
0.452474,1000002,3.197944,1Mb,ffmpeg,4595100,4.132699
0.451693,1000002,1.654854,1Mb,ffmpeg,4595100,3.852547
0.448928,1000002,1.626643,1Mb,ffmpeg,4595100,3.953624
0.45047,1000002,2.71817,1Mb,ffmpeg,4595100,4.132397
0.448893,1000002,2.694448,1Mb,ffmpeg,4595100,6.659158
0.452375,1000002,2.646842,1Mb,ffmpeg,4595100,4.016072
0.452834,1000002,1.80994,1Mb,ffmpeg,4595100,3.931207
0.450526,1000002,2.457453,1Mb,ffmpeg,4595100,3.667849
0.44941,1000002,2.505379,1Mb,ffmpeg,4595100,3.979849
0.456257,1000002,2.181576,1Mb,ffmpeg,4595100,7.051167
0.455678,1000002,3.194867,1Mb,ffmpeg,4595100,4.146598
0.453145,1000002,2.461975,1Mb,ffmpeg,4595100,7.214255
0.450656,1000002,2.504692,1Mb,ffmpeg,4595100,4.003948
0.455836,1000002,1.678867,1Mb,ffmpeg,4595100,3.891967
0.449073,1000002,2.322341,1Mb,ffmpeg,4595100,6.428419
0.449432,1000002,2.396539,1Mb,ffmpeg,4595100,4.110951
0.451396,1000002,1.606376,1Mb,ffmpeg,4595100,4.245633
0.453007,1000002,2.394987,1Mb,ffmpeg,4595100,7.288317
0.466361,1000002,1.855519,1Mb,ffmpeg,4595100,5.052295
0.452767,1000002,3.693986,1Mb,ffmpeg,4595100,4.5097
0.449738,1000002,2.940383,1Mb,ffmpeg,4595100,6.595018
0.451288,1000002,2.443459,1Mb,ffmpeg,4595100,3.791197
0.450929,1000002,2.592803,1Mb,ffmpeg,4595100,3.830241
0.45732,1000002,1.943301,1Mb,ffmpeg,4595100,4.270272
0.44852,1000002,2.542838,1Mb,ffmpeg,4595100,4.032884
0.455356,1000002,2.417282,1Mb,ffmpeg,4595100,3.846744
0.452955,1000002,1.723271,1Mb,ffmpeg,4595100,7.282334
0.452091,1000002,2.240115,1Mb,ffmpeg,4595100,3.183699
0.452488,1000002,1.831768,1Mb,ffmpeg,4595100,3.308862
0.455457,1000002,2.462165,1Mb,ffmpeg,4595100,3.173659
0.453215,1000002,2.523727,1Mb,ffmpeg,4595100,5.059167
0.451741,1000002,3.244843,1Mb,ffmpeg,4595100,3.249779
0.451784,1000002,2.422793,1Mb,ffmpeg,4595100,3.390768
0.450732,1000002,1.648904,1Mb,ffmpeg,4595100,3.218972
0.449071,1000002,2.002778,1Mb,ffmpeg,4595100,3.297116
0.453728,1000002,2.500794,1Mb,ffmpeg,4595100,3.152902
0.456104,1000002,1.45157,1Mb,ffmpeg,4595100,7.649803
0.450988,1000002,2.576585,1Mb,ffmpeg,4595100,3.267034
0.458827,1000002,1.689948,1Mb,ffmpeg,4595100,3.435009
0.451802,1000002,3.135606,1Mb,ffmpeg,4595100,8.65082
0.451334,1000002,2.270181,1Mb,ffmpeg,4595100,3.524058
0.453434,1000002,2.5378,1Mb,ffmpeg,4595100,3.707921
0.452608,1000002,2.618907,1Mb,ffmpeg,4595100,6.506262
0.452679,1000002,2.520326,1Mb,ffmpeg,4595100,3.409563
0.452457,1000002,2.555099,1Mb,ffmpeg,4595100,3.875358
0.451303,1000002,2.551678,1Mb,ffmpeg,4595100,3.283215
0.45148,1000002,2.691045,1Mb,ffmpeg,4595100,3.619796
0.450184,1000002,4.411966,1Mb,ffmpeg,4595100,7.263691
0.444355,1000002,3.300424,1Mb,ffmpeg,4595100,4.132936
0.452004,1000002,2.945482,1Mb,ffmpeg,4595100,3.302134
0.462616,1000002,2.3667,1Mb,ffmpeg,4595100,8.879097
0.450856,1000002,3.583332,1Mb,ffmpeg,4595100,6.120065
0.44963,1000002,2.623377,1Mb,ffmpeg,4595100,8.612705
0.456028,1000002,2.521846,1Mb,ffmpeg,4595100,6.126808
0.44437,1000002,1.696373,1Mb,ffmpeg,4595100,3.649318
0.45425,1000002,2.333308,1Mb,ffmpeg,4595100,4.347049
0.451969,1000002,2.773036,1Mb,ffmpeg,4595100,3.67715
0.451737,1000002,2.766574,1Mb,ffmpeg,4595100,7.169796
0.454614,1000002,1.645608,1Mb,ffmpeg,4595100,3.431714
0.454358,1000002,2.306007,1Mb,ffmpeg,4595100,3.642697
0.453936,1000002,3.683489,1Mb,ffmpeg,4595100,8.007228
0.446299,1000002,2.575883,1Mb,ffmpeg,4595100,3.304367
0.455744,1000002,3.679952,1Mb,ffmpeg,4595100,4.543171
0.458844,1000002,2.278903,1Mb,ffmpeg,4595100,8.782694
0.456263,1000002,3.253652,1Mb,ffmpeg,4595100,6.950631
0.450295,1000002,2.546263,1Mb,ffmpeg,4595100,3.662706
0.459192,1000002,4.355431,1Mb,ffmpeg,4595100,4.761808
0.44448,1000002,6.820948,1Mb,ffmpeg,4595100,4.771628
0.453588,1000002,2.671024,1Mb,ffmpeg,4595100,3.294801
0.454554,1000002,1.895303,1Mb,ffmpeg,4595100,4.24792
0.456356,1000002,2.363071,1Mb,ffmpeg,4595100,3.742111
0.456499,1000002,2.518844,1Mb,ffmpeg,4595100,6.669301
0.450231,1000002,2.386404,1Mb,ffmpeg,4595100,3.542435
0.448958,1000002,1.577338,1Mb,ffmpeg,4595100,3.443269
0.452039,1000002,2.920833,1Mb,ffmpeg,4595100,3.33571
0.449303,1000002,1.752595,1Mb,ffmpeg,4595100,5.458974
0.453021,1000002,2.428578,1Mb,ffmpeg,4595100,3.584962
0.44625,1000002,4.399301,1Mb,ffmpeg,4595100,7.288474
0.453982,1000002,2.544186,1Mb,ffmpeg,4595100,3.447416
0.45442,1000002,2.719535,1Mb,ffmpeg,4595100,7.221917
0.450426,1000002,2.716943,1Mb,ffmpeg,4595100,3.386611
0.452822,1000002,4.007956,1Mb,ffmpeg,4595100,4.006903
0.478688,1000002,2.888121,1Mb,ffmpeg,4595100,8.713454
0.456816,1000002,2.612454,1Mb,ffmpeg,4595100,3.249801
0.452395,1000002,2.564626,1Mb,ffmpeg,4595100,3.334028
0.460704,1000002,2.502544,1Mb,ffmpeg,4595100,4.163082
0.452245,1000002,2.594867,1Mb,ffmpeg,4595100,4.176346
0.451841,1000002,2.798393,1Mb,ffmpeg,4595100,4.010897
0.444049,1000002,5.576927,1Mb,ffmpeg,4595100,3.51051
0.452433,1000002,4.330849,1Mb,ffmpeg,4595100,3.56172
0.451109,1000002,2.981714,1Mb,ffmpeg,4595100,7.2691
0.450939,1000002,1.59665,1Mb,ffmpeg,4595100,7.267273
1.402919,1000002,1.436316,1Mb,imageio,7927818,10.34484
1.426688,1000002,2.575184,1Mb,imageio,7927818,5.474056
1.407796,1000002,2.220441,1Mb,imageio,7927818,4.732626
1.410501,1000002,2.469898,1Mb,imageio,7927818,4.967957
1.443346,1000002,1.688966,1Mb,imageio,7927818,5.005272
1.386805,1000002,2.643087,1Mb,imageio,7927818,4.72757
1.416842,1000002,2.446762,1Mb,imageio,7927818,4.894291
1.398495,1000002,4.426886,1Mb,imageio,7927818,5.184032
1.39274,1000002,2.427906,1Mb,imageio,7927818,6.051471
1.424605,1000002,3.59859,1Mb,imageio,7927818,4.831927
1.418608,1000002,2.338086,1Mb,imageio,7927818,8.682479
1.400341,1000002,1.589928,1Mb,imageio,7927818,4.795555
1.418197,1000002,2.261608,1Mb,imageio,7927818,4.667927
1.394972,1000002,2.739969,1Mb,imageio,7927818,6.25818
1.425106,1000002,2.304252,1Mb,imageio,7927818,4.614616
1.40053,1000002,2.943719,1Mb,imageio,7927818,5.021999
1.413556,1000002,3.338206,1Mb,imageio,7927818,4.690766
1.38588,1000002,2.298251,1Mb,imageio,7927818,4.59063
1.396012,1000002,2.422209,1Mb,imageio,7927818,7.882117
1.434911,1000002,1.998147,1Mb,imageio,7927818,6.118667
1.403337,1000002,2.802978,1Mb,imageio,7927818,4.728869
1.403255,1000002,1.536774,1Mb,imageio,7927818,7.152165
1.409772,1000002,1.854227,1Mb,imageio,7927818,4.729788
1.402533,1000002,2.581579,1Mb,imageio,7927818,4.85582
1.437488,1000002,2.681808,1Mb,imageio,7927818,5.14481
1.397302,1000002,3.059871,1Mb,imageio,7927818,5.529647
1.394924,1000002,2.413296,1Mb,imageio,7927818,4.748578
1.404501,1000002,3.224329,1Mb,imageio,7927818,4.746022
1.398639,1000002,2.388683,1Mb,imageio,7927818,7.223405
1.41749,1000002,2.303711,1Mb,imageio,7927818,4.692623
1.398686,1000002,2.75543,1Mb,imageio,7927818,8.395931
1.387525,1000002,2.340095,1Mb,imageio,7927818,15.740597
1.397536,1000002,3.74524,1Mb,imageio,7927818,4.691096
1.40335,1000002,1.555106,1Mb,imageio,7927818,4.485339
1.441457,1000002,2.194044,1Mb,imageio,7927818,4.033163
1.385207,1000002,4.295432,1Mb,imageio,7927818,4.494014
1.392777,1000002,3.773043,1Mb,imageio,7927818,4.383866
1.402096,1000002,3.044395,1Mb,imageio,7927818,4.237179
1.393661,1000002,2.691106,1Mb,imageio,7927818,4.022602
1.421926,1000002,3.517369,1Mb,imageio,7927818,4.059097
1.407979,1000002,2.492767,1Mb,imageio,7927818,9.970636
1.40046,1000002,3.15374,1Mb,imageio,7927818,4.36041
1.396554,1000002,2.541508,1Mb,imageio,7927818,4.104123
1.398616,1000002,2.944441,1Mb,imageio,7927818,8.565594
1.422134,1000002,2.777061,1Mb,imageio,7927818,4.15812
1.391394,1000002,1.545766,1Mb,imageio,7927818,9.968232
1.404068,1000002,1.842277,1Mb,imageio,7927818,4.395702
1.391338,1000002,2.283556,1Mb,imageio,7927818,10.145707
1.415,1000002,2.26048,1Mb,imageio,7927818,4.279592
1.415611,1000002,2.814686,1Mb,imageio,7927818,3.991403
1.402428,1000002,2.263511,1Mb,imageio,7927818,4.81134
1.401475,1000002,2.421611,1Mb,imageio,7927818,4.766084
1.413244,1000002,1.734502,1Mb,imageio,7927818,4.244797
1.39116,1000002,2.707421,1Mb,imageio,7927818,8.755986
1.447834,1000002,2.505282,1Mb,imageio,7927818,9.168077
1.390199,1000002,1.753734,1Mb,imageio,7927818,4.24181
1.406709,1000002,2.136779,1Mb,imageio,7927818,8.287107
1.420794,1000002,3.356518,1Mb,imageio,7927818,4.244288
1.395113,1000002,4.698779,1Mb,imageio,7927818,10.34093
1.386483,1000002,2.947756,1Mb,imageio,7927818,4.499316
1.409111,1000002,2.620276,1Mb,imageio,7927818,8.500354
1.408676,1000002,2.499753,1Mb,imageio,7927818,10.030715
1.419302,1000002,2.666889,1Mb,imageio,7927818,5.671781
1.391006,1000002,3.201508,1Mb,imageio,7927818,5.549292
1.435292,1000002,2.108784,1Mb,imageio,7927818,4.384304
1.390967,1000002,1.72979,1Mb,imageio,7927818,4.313142
1.399782,1000002,1.557676,1Mb,imageio,7927818,10.200999
1.4269,1000002,2.526607,1Mb,imageio,7927818,4.170212
1.422114,1000002,1.47021,1Mb,imageio,7927818,8.538504
1.425928,1000002,3.358895,1Mb,imageio,7927818,4.20725
1.43193,1000002,2.636494,1Mb,imageio,7927818,3.966645
1.412958,1000002,1.807841,1Mb,imageio,7927818,5.126235
1.414732,1000002,2.101253,1Mb,imageio,7927818,7.659317
1.391604,1000002,2.220481,1Mb,imageio,7927818,3.866
1.43693,1000002,6.233827,1Mb,imageio,7927818,4.726398
1.410657,1000002,2.614999,1Mb,imageio,7927818,4.844882
1.41846,1000002,1.541278,1Mb,imageio,7927818,8.309409
1.428854,1000002,2.599407,1Mb,imageio,7927818,8.927426
1.393027,1000002,2.627548,1Mb,imageio,7927818,4.537051
1.38428,1000002,2.61894,1Mb,imageio,7927818,5.024603
1.406081,1000002,1.956987,1Mb,imageio,7927818,4.010059
1.399746,1000002,1.61026,1Mb,imageio,7927818,8.81926
1.398,1000002,2.48505,1Mb,imageio,7927818,4.166808
1.397643,1000002,2.277472,1Mb,imageio,7927818,10.152426
1.431616,1000002,2.806384,1Mb,imageio,7927818,4.271429
1.440285,1000002,2.794975,1Mb,imageio,7927818,4.108445
1.399873,1000002,2.587789,1Mb,imageio,7927818,4.46143
1.423929,1000002,3.023999,1Mb,imageio,7927818,5.741008
1.401242,1000002,2.687286,1Mb,imageio,7927818,4.115615
1.395685,1000002,2.180618,1Mb,imageio,7927818,4.671439
1.411128,1000002,3.330325,1Mb,imageio,7927818,3.965463
1.391482,1000002,2.706061,1Mb,imageio,7927818,8.075575
1.403928,1000002,3.223671,1Mb,imageio,7927818,5.948633
1.393892,1000002,2.350315,1Mb,imageio,7927818,3.742509
1.44324,1000002,2.633371,1Mb,imageio,7927818,9.801785
1.394098,1000002,3.310966,1Mb,imageio,7927818,4.212989
1.394094,1000002,2.816136,1Mb,imageio,7927818,5.468919
1.41603,1000002,1.655375,1Mb,imageio,7927818,4.660237
1.41123,1000002,1.817765,1Mb,imageio,7927818,4.128194
1.414445,1000002,2.490804,1Mb,imageio,7927818,7.070628
1.343349,1000002,1.632562,1Mb,opencv,7932321,7.150235
1.351965,1000002,1.579042,1Mb,opencv,7932321,3.941153
1.345276,1000002,3.442376,1Mb,opencv,7932321,4.584406
1.342325,1000002,2.884343,1Mb,opencv,7932321,4.433811
1.373481,1000002,2.340867,1Mb,opencv,7932321,4.84348
1.331709,1000002,1.826162,1Mb,opencv,7932321,4.062306
1.338265,1000002,3.152616,1Mb,opencv,7932321,3.879619
1.365283,1000002,2.450378,1Mb,opencv,7932321,3.937559
1.338301,1000002,2.966735,1Mb,opencv,7932321,4.009552
1.341884,1000002,1.724291,1Mb,opencv,7932321,3.887453
1.338517,1000002,2.597793,1Mb,opencv,7932321,4.583085
1.340289,1000002,3.95811,1Mb,opencv,7932321,4.381818
1.345528,1000002,2.528265,1Mb,opencv,7932321,10.110664
1.332033,1000002,1.723362,1Mb,opencv,7932321,4.119481
1.370767,1000002,4.526887,1Mb,opencv,7932321,9.00241
1.333697,1000002,2.319257,1Mb,opencv,7932321,3.939916
1.336921,1000002,2.520514,1Mb,opencv,7932321,3.893348
1.367314,1000002,2.776783,1Mb,opencv,7932321,10.14108
1.350433,1000002,2.173495,1Mb,opencv,7932321,8.719587
1.338743,1000002,2.476334,1Mb,opencv,7932321,3.687123
1.454488,1000002,3.180524,1Mb,opencv,7932321,6.958751
1.351496,1000002,2.663826,1Mb,opencv,7932321,7.29685
1.33806,1000002,2.606076,1Mb,opencv,7932321,5.111885
1.335184,1000002,1.643592,1Mb,opencv,7932321,7.521777
1.367529,1000002,3.34398,1Mb,opencv,7932321,3.801748
1.339604,1000002,2.861338,1Mb,opencv,7932321,8.77308
1.341643,1000002,2.632973,1Mb,opencv,7932321,3.993851
1.359871,1000002,2.915151,1Mb,opencv,7932321,14.23604
1.33867,1000002,1.583247,1Mb,opencv,7932321,3.742716
1.340065,1000002,3.257664,1Mb,opencv,7932321,7.644997
1.347754,1000002,3.172239,1Mb,opencv,7932321,3.939327
1.347013,1000002,2.646524,1Mb,opencv,7932321,9.119858
1.341891,1000002,3.254202,1Mb,opencv,7932321,3.71345
1.345539,1000002,2.438333,1Mb,opencv,7932321,3.900714
1.363583,1000002,2.362439,1Mb,opencv,7932321,3.961611
1.331375,1000002,2.368781,1Mb,opencv,7932321,9.046447
1.346195,1000002,2.554326,1Mb,opencv,7932321,5.126327
1.367628,1000002,3.001349,1Mb,opencv,7932321,5.825121
1.355514,1000002,1.818197,1Mb,opencv,7932321,4.621686
1.347651,1000002,2.48976,1Mb,opencv,7932321,9.693045
1.344856,1000002,2.563221,1Mb,opencv,7932321,4.237012
1.338167,1000002,2.496205,1Mb,opencv,7932321,5.332905
1.347772,1000002,1.876117,1Mb,opencv,7932321,4.72456
1.336475,1000002,2.488778,1Mb,opencv,7932321,7.077611
1.375303,1000002,2.523414,1Mb,opencv,7932321,3.949048
1.331664,1000002,3.547607,1Mb,opencv,7932321,7.948346
1.344525,1000002,2.562159,1Mb,opencv,7932321,4.070488
1.363214,1000002,2.171733,1Mb,opencv,7932321,9.166703
1.356224,1000002,2.509863,1Mb,opencv,7932321,3.975484
1.333879,1000002,2.423418,1Mb,opencv,7932321,4.695489
1.361121,1000002,1.743416,1Mb,opencv,7932321,7.090559
1.335589,1000002,2.332954,1Mb,opencv,7932321,5.664069
1.344967,1000002,2.227973,1Mb,opencv,7932321,4.162525
1.335683,1000002,2.523715,1Mb,opencv,7932321,4.081929
1.36696,1000002,2.368578,1Mb,opencv,7932321,9.503358
1.3396,1000002,1.788903,1Mb,opencv,7932321,9.100788
1.344891,1000002,8.006011,1Mb,opencv,7932321,17.038451
1.360061,1000002,2.40813,1Mb,opencv,7932321,3.962722
1.34211,1000002,1.657072,1Mb,opencv,7932321,9.953276
1.346077,1000002,2.645737,1Mb,opencv,7932321,4.00845
1.344994,1000002,2.011739,1Mb,opencv,7932321,3.895194
1.3351,1000002,3.397045,1Mb,opencv,7932321,6.76812
1.344656,1000002,2.66087,1Mb,opencv,7932321,10.038553
1.346996,1000002,1.702413,1Mb,opencv,7932321,4.027311
1.365197,1000002,2.799422,1Mb,opencv,7932321,5.091531
1.33325,1000002,3.969123,1Mb,opencv,7932321,4.011284
1.343464,1000002,2.661732,1Mb,opencv,7932321,10.061585
1.358255,1000002,1.562394,1Mb,opencv,7932321,3.876934
1.352163,1000002,2.382421,1Mb,opencv,7932321,4.070375
1.335697,1000002,1.905076,1Mb,opencv,7932321,9.309596
1.34925,1000002,3.300946,1Mb,opencv,7932321,10.000579
1.334617,1000002,3.384074,1Mb,opencv,7932321,4.205837
1.341936,1000002,2.454415,1Mb,opencv,7932321,4.247019
1.334482,1000002,1.861551,1Mb,opencv,7932321,4.948043
1.372462,1000002,1.877096,1Mb,opencv,7932321,3.975208
1.3314,1000002,2.54748,1Mb,opencv,7932321,7.908267
1.346487,1000002,2.654885,1Mb,opencv,7932321,9.967444
1.357494,1000002,1.549011,1Mb,opencv,7932321,8.698796
1.344303,1000002,2.384265,1Mb,opencv,7932321,5.337318
1.349305,1000002,2.294681,1Mb,opencv,7932321,9.830361
1.353567,1000002,2.80931,1Mb,opencv,7932321,8.652282
1.336387,1000002,2.442164,1Mb,opencv,7932321,4.018171
1.34196,1000002,2.381527,1Mb,opencv,7932321,9.953542
1.350219,1000002,3.109231,1Mb,opencv,7932321,3.850164
1.364424,1000002,2.516401,1Mb,opencv,7932321,4.160575
1.357556,1000002,2.466444,1Mb,opencv,7932321,5.396747
1.370137,1000002,1.822187,1Mb,opencv,7932321,3.904407
1.361294,1000002,2.24385,1Mb,opencv,7932321,9.45862
1.341003,1000002,2.999237,1Mb,opencv,7932321,3.946011
1.341245,1000002,2.532128,1Mb,opencv,7932321,4.357708
1.339408,1000002,2.831197,1Mb,opencv,7932321,9.912677
1.346735,1000002,2.480029,1Mb,opencv,7932321,7.334192
1.355572,1000002,2.57307,1Mb,opencv,7932321,9.927019
1.338525,1000002,2.81529,1Mb,opencv,7932321,6.100695
1.368645,1000002,3.177492,1Mb,opencv,7932321,4.785148
1.339371,1000002,2.341622,1Mb,opencv,7932321,8.058236
1.340579,1000002,1.508708,1Mb,opencv,7932321,6.064575
1.366928,1000002,2.335764,1Mb,opencv,7932321,3.759806
1.342894,1000002,2.579017,1Mb,opencv,7932321,8.898561
1.336221,1000002,3.096672,1Mb,opencv,7932321,7.858349
0.218292,36710,1.257711,36Kb,moviepy,971337,3.065487
0.234508,36710,1.073908,36Kb,moviepy,971337,1.68209
0.219869,36710,1.067001,36Kb,moviepy,971337,3.433717
0.216493,36710,1.010723,36Kb,moviepy,971337,4.239618
0.219782,36710,1.023962,36Kb,moviepy,971337,3.263517
0.218725,36710,0.973436,36Kb,moviepy,971337,4.594873
0.215634,36710,1.28603,36Kb,moviepy,971337,3.531973
0.216213,36710,1.11554,36Kb,moviepy,971337,3.42699
0.217516,36710,1.020951,36Kb,moviepy,971337,1.930084
0.220364,36710,0.982296,36Kb,moviepy,971337,2.929539
0.220206,36710,1.202295,36Kb,moviepy,971337,4.32516
0.217998,36710,1.042809,36Kb,moviepy,971337,3.242543
0.217821,36710,0.997984,36Kb,moviepy,971337,3.077325
0.21542,36710,1.05974,36Kb,moviepy,971337,2.979937
0.221679,36710,1.060166,36Kb,moviepy,971337,4.691346
0.216511,36710,0.979927,36Kb,moviepy,971337,5.106031
0.217811,36710,1.081329,36Kb,moviepy,971337,4.695008
0.216539,36710,0.980105,36Kb,moviepy,971337,3.237473
0.218522,36710,1.108541,36Kb,moviepy,971337,2.785182
0.218503,36710,0.89123,36Kb,moviepy,971337,3.561385
0.218775,36710,0.971697,36Kb,moviepy,971337,1.889732
0.217324,36710,0.913593,36Kb,moviepy,971337,4.303954
0.218484,36710,1.026001,36Kb,moviepy,971337,4.230618
0.217472,36710,1.03525,36Kb,moviepy,971337,3.218889
0.218149,36710,1.125498,36Kb,moviepy,971337,4.321477
0.216564,36710,1.044432,36Kb,moviepy,971337,4.595569
0.219971,36710,1.292376,36Kb,moviepy,971337,2.190907
0.216345,36710,0.978997,36Kb,moviepy,971337,4.977119
0.215842,36710,0.942296,36Kb,moviepy,971337,3.125706
0.218057,36710,1.088315,36Kb,moviepy,971337,3.348348
0.218591,36710,1.261081,36Kb,moviepy,971337,4.498226
0.21593,36710,0.973816,36Kb,moviepy,971337,3.464351
0.217348,36710,0.977784,36Kb,moviepy,971337,3.417431
0.215796,36710,0.96532,36Kb,moviepy,971337,1.729253
0.216309,36710,0.938448,36Kb,moviepy,971337,3.118223
0.219261,36710,0.967923,36Kb,moviepy,971337,1.776713
0.22207,36710,0.984237,36Kb,moviepy,971337,1.823333
0.217105,36710,1.078944,36Kb,moviepy,971337,2.170136
0.218007,36710,1.149722,36Kb,moviepy,971337,2.545531
0.215907,36710,1.185065,36Kb,moviepy,971337,3.366572
0.219105,36710,1.079358,36Kb,moviepy,971337,4.8397
0.215195,36710,1.037159,36Kb,moviepy,971337,4.595293
0.217427,36710,1.083434,36Kb,moviepy,971337,3.202029
0.216371,36710,0.93765,36Kb,moviepy,971337,4.514894
0.216753,36710,0.871473,36Kb,moviepy,971337,3.271535
0.216198,36710,0.986576,36Kb,moviepy,971337,2.581196
0.215521,36710,1.111864,36Kb,moviepy,971337,1.799487
0.218709,36710,0.912582,36Kb,moviepy,971337,4.127575
0.217931,36710,0.956018,36Kb,moviepy,971337,1.795696
0.215878,36710,0.977959,36Kb,moviepy,971337,4.286068
0.216211,36710,1.079347,36Kb,moviepy,971337,2.106612
0.21596,36710,1.011666,36Kb,moviepy,971337,3.286304
0.216599,36710,0.955829,36Kb,moviepy,971337,3.056775
0.216751,36710,0.97983,36Kb,moviepy,971337,3.277537
0.216463,36710,1.063902,36Kb,moviepy,971337,3.232866
0.217658,36710,1.111227,36Kb,moviepy,971337,1.930907
0.225731,36710,0.979709,36Kb,moviepy,971337,3.44052
0.214347,36710,0.994764,36Kb,moviepy,971337,3.303058
0.218539,36710,1.146382,36Kb,moviepy,971337,1.752611
0.213639,36710,0.867283,36Kb,moviepy,971337,2.534353
0.216264,36710,1.069147,36Kb,moviepy,971337,2.037885
0.215134,36710,1.092794,36Kb,moviepy,971337,1.625867
0.217495,36710,1.060875,36Kb,moviepy,971337,3.322511
0.214871,36710,1.020089,36Kb,moviepy,971337,3.274982
0.215295,36710,0.968216,36Kb,moviepy,971337,2.691024
0.214567,36710,0.939025,36Kb,moviepy,971337,3.278591
0.21658,36710,0.985641,36Kb,moviepy,971337,3.451252
0.215461,36710,0.974888,36Kb,moviepy,971337,3.264243
0.214588,36710,0.929418,36Kb,moviepy,971337,2.331943
0.212735,36710,0.879044,36Kb,moviepy,971337,3.058643
0.216787,36710,0.940475,36Kb,moviepy,971337,3.275659
0.23224,36710,1.069548,36Kb,moviepy,971337,2.265695
0.216883,36710,0.93699,36Kb,moviepy,971337,3.364186
0.219121,36710,0.796966,36Kb,moviepy,971337,2.95277
0.215602,36710,0.955521,36Kb,moviepy,971337,2.583649
0.215015,36710,0.96406,36Kb,moviepy,971337,1.686133
0.214731,36710,0.997297,36Kb,moviepy,971337,1.788126
0.213547,36710,0.965233,36Kb,moviepy,971337,2.562038
0.214535,36710,0.934578,36Kb,moviepy,971337,1.746026
0.215054,36710,0.836611,36Kb,moviepy,971337,3.420548
0.220982,36710,1.107563,36Kb,moviepy,971337,1.928398
0.217694,36710,1.052101,36Kb,moviepy,971337,4.386729
0.215152,36710,0.979956,36Kb,moviepy,971337,2.039616
0.218297,36710,0.974113,36Kb,moviepy,971337,3.08102
0.218314,36710,1.002847,36Kb,moviepy,971337,1.780241
0.213415,36710,1.022977,36Kb,moviepy,971337,1.672577
0.21882,36710,1.088135,36Kb,moviepy,971337,4.435398
0.213679,36710,1.037179,36Kb,moviepy,971337,3.062413
0.218365,36710,1.078687,36Kb,moviepy,971337,3.297955
0.214269,36710,1.061426,36Kb,moviepy,971337,3.273107
0.21649,36710,0.952471,36Kb,moviepy,971337,3.163644
0.215385,36710,0.977295,36Kb,moviepy,971337,3.183079
0.219604,36710,1.062247,36Kb,moviepy,971337,4.317918
0.214416,36710,1.043743,36Kb,moviepy,971337,3.264864
0.218033,36710,0.904908,36Kb,moviepy,971337,2.571959
0.2163,36710,0.792911,36Kb,moviepy,971337,3.085507
0.218709,36710,1.074271,36Kb,moviepy,971337,3.471531
0.215287,36710,0.971451,36Kb,moviepy,971337,4.322868
0.218233,36710,0.962047,36Kb,moviepy,971337,2.524236
0.214302,36710,0.978385,36Kb,moviepy,971337,4.495255
0.132463,36710,1.171991,36Kb,ffmpeg,146274,1.110066
0.125411,36710,0.981724,36Kb,ffmpeg,146274,1.156158
0.123195,36710,1.001682,36Kb,ffmpeg,146274,1.205899
0.122496,36710,0.9821,36Kb,ffmpeg,146274,1.232196
0.122863,36710,0.949143,36Kb,ffmpeg,146274,1.079417
0.123274,36710,1.004863,36Kb,ffmpeg,146274,1.016786
0.12315,36710,0.963145,36Kb,ffmpeg,146274,1.075248
0.123135,36710,1.106934,36Kb,ffmpeg,146274,1.12675
0.122023,36710,1.055244,36Kb,ffmpeg,146274,1.208666
0.122618,36710,0.917429,36Kb,ffmpeg,146274,1.31773
0.12245,36710,1.028274,36Kb,ffmpeg,146274,1.272983
0.123397,36710,0.907298,36Kb,ffmpeg,146274,1.077693
0.123326,36710,0.936261,36Kb,ffmpeg,146274,1.136719
0.125881,36710,0.957107,36Kb,ffmpeg,146274,1.115164
0.137,36710,1.02044,36Kb,ffmpeg,146274,1.224771
0.124952,36710,1.048775,36Kb,ffmpeg,146274,1.150633
0.122928,36710,0.967931,36Kb,ffmpeg,146274,1.178325
0.122046,36710,1.068005,36Kb,ffmpeg,146274,1.031134
0.123314,36710,0.949049,36Kb,ffmpeg,146274,1.430188
0.121505,36710,0.971292,36Kb,ffmpeg,146274,1.239548
0.123359,36710,0.934835,36Kb,ffmpeg,146274,1.007624
0.123005,36710,1.074653,36Kb,ffmpeg,146274,1.209232
0.123446,36710,1.078171,36Kb,ffmpeg,146274,1.07062
0.123883,36710,1.008601,36Kb,ffmpeg,146274,1.281583
0.122097,36710,0.942873,36Kb,ffmpeg,146274,1.198749
0.12271,36710,1.151358,36Kb,ffmpeg,146274,1.24842
0.123294,36710,0.938269,36Kb,ffmpeg,146274,1.294514
0.123047,36710,0.926773,36Kb,ffmpeg,146274,1.163708
0.123162,36710,0.987467,36Kb,ffmpeg,146274,1.178274
0.122404,36710,0.94277,36Kb,ffmpeg,146274,1.171604
0.12223,36710,1.045697,36Kb,ffmpeg,146274,1.192142
0.122925,36710,0.997103,36Kb,ffmpeg,146274,1.074665
0.122117,36710,0.904982,36Kb,ffmpeg,146274,1.092328
0.124017,36710,0.985253,36Kb,ffmpeg,146274,1.143932
0.124031,36710,1.118946,36Kb,ffmpeg,146274,1.300139
0.122114,36710,1.189433,36Kb,ffmpeg,146274,1.207452
0.122141,36710,1.07961,36Kb,ffmpeg,146274,1.003869
0.122748,36710,0.99514,36Kb,ffmpeg,146274,1.088576
0.122161,36710,1.079099,36Kb,ffmpeg,146274,1.221767
0.122672,36710,1.066173,36Kb,ffmpeg,146274,1.018859
0.12181,36710,1.060108,36Kb,ffmpeg,146274,1.16948
0.122881,36710,1.014673,36Kb,ffmpeg,146274,1.045299
0.122802,36710,1.035966,36Kb,ffmpeg,146274,1.071754
0.122071,36710,1.011585,36Kb,ffmpeg,146274,1.138102
0.121896,36710,0.941925,36Kb,ffmpeg,146274,1.160791
0.121651,36710,0.968846,36Kb,ffmpeg,146274,1.064444
0.122528,36710,0.975374,36Kb,ffmpeg,146274,1.311686
0.123403,36710,0.975929,36Kb,ffmpeg,146274,1.281752
0.122149,36710,0.937302,36Kb,ffmpeg,146274,1.13465
0.121843,36710,1.122389,36Kb,ffmpeg,146274,1.07047
0.1231,36710,1.01399,36Kb,ffmpeg,146274,1.097274
0.122818,36710,1.087342,36Kb,ffmpeg,146274,1.181163
0.123114,36710,0.946849,36Kb,ffmpeg,146274,1.212279
0.122412,36710,0.929253,36Kb,ffmpeg,146274,1.003965
0.121985,36710,1.096932,36Kb,ffmpeg,146274,1.143172
0.122718,36710,0.925157,36Kb,ffmpeg,146274,1.108232
0.122221,36710,0.990331,36Kb,ffmpeg,146274,1.123518
0.122638,36710,1.455843,36Kb,ffmpeg,146274,1.007459
0.123102,36710,1.027051,36Kb,ffmpeg,146274,1.155921
0.123005,36710,0.994659,36Kb,ffmpeg,146274,1.327473
0.123391,36710,0.943172,36Kb,ffmpeg,146274,1.01237
0.12278,36710,0.994009,36Kb,ffmpeg,146274,1.081604
0.122824,36710,1.07591,36Kb,ffmpeg,146274,1.14052
0.123016,36710,0.976504,36Kb,ffmpeg,146274,1.180542
0.123376,36710,1.07363,36Kb,ffmpeg,146274,1.223387
0.122839,36710,0.961721,36Kb,ffmpeg,146274,1.120779
0.122483,36710,1.064452,36Kb,ffmpeg,146274,1.004429
0.122125,36710,0.983382,36Kb,ffmpeg,146274,1.120827
0.123304,36710,0.955053,36Kb,ffmpeg,146274,1.1509
0.122193,36710,1.038815,36Kb,ffmpeg,146274,1.120547
0.122274,36710,0.955524,36Kb,ffmpeg,146274,1.052676
0.122803,36710,1.031899,36Kb,ffmpeg,146274,1.106428
0.123076,36710,0.973669,36Kb,ffmpeg,146274,1.283135
0.123096,36710,1.005843,36Kb,ffmpeg,146274,1.135324
0.122656,36710,1.048948,36Kb,ffmpeg,146274,1.155514
0.121928,36710,1.018766,36Kb,ffmpeg,146274,1.108967
0.122852,36710,1.075249,36Kb,ffmpeg,146274,1.128131
0.122169,36710,1.16222,36Kb,ffmpeg,146274,1.311254
0.122207,36710,0.971924,36Kb,ffmpeg,146274,1.095482
0.122802,36710,0.923006,36Kb,ffmpeg,146274,1.066333
0.121486,36710,1.03339,36Kb,ffmpeg,146274,1.255555
0.123882,36710,0.995464,36Kb,ffmpeg,146274,1.165679
0.123143,36710,0.93185,36Kb,ffmpeg,146274,1.104102
0.123147,36710,1.133881,36Kb,ffmpeg,146274,1.052149
0.122386,36710,0.948458,36Kb,ffmpeg,146274,1.243728
0.122605,36710,0.941418,36Kb,ffmpeg,146274,1.325835
0.122495,36710,0.956057,36Kb,ffmpeg,146274,1.038467
0.122878,36710,0.870862,36Kb,ffmpeg,146274,1.14917
0.121779,36710,1.03717,36Kb,ffmpeg,146274,1.073522
0.123228,36710,1.077613,36Kb,ffmpeg,146274,1.272962
0.122441,36710,1.030145,36Kb,ffmpeg,146274,1.117343
0.122986,36710,0.946532,36Kb,ffmpeg,146274,1.003617
0.122299,36710,1.079475,36Kb,ffmpeg,146274,1.037281
0.122539,36710,1.046402,36Kb,ffmpeg,146274,1.178402
0.122242,36710,0.941287,36Kb,ffmpeg,146274,1.131068
0.123327,36710,0.957426,36Kb,ffmpeg,146274,1.108811
0.122085,36710,0.867661,36Kb,ffmpeg,146274,1.069038
0.122928,36710,0.977952,36Kb,ffmpeg,146274,1.108274
0.123377,36710,0.974916,36Kb,ffmpeg,146274,1.057181
0.122646,36710,0.96551,36Kb,ffmpeg,146274,1.158423
0.213013,36710,0.898353,36Kb,imageio,970653,3.375243
0.212423,36710,0.992231,36Kb,imageio,970653,3.40591
0.213017,36710,1.001113,36Kb,imageio,970653,3.323955
0.214762,36710,0.922084,36Kb,imageio,970653,4.608677
0.211523,36710,0.97042,36Kb,imageio,970653,3.342299
0.210972,36710,1.00835,36Kb,imageio,970653,3.174284
0.214307,36710,0.993148,36Kb,imageio,970653,2.134858
0.20946,36710,0.960926,36Kb,imageio,970653,3.313499
0.213108,36710,1.038469,36Kb,imageio,970653,4.132755
0.211039,36710,1.032777,36Kb,imageio,970653,3.28538
0.212922,36710,1.066896,36Kb,imageio,970653,3.500712
0.213296,36710,0.950758,36Kb,imageio,970653,3.316086
0.212587,36710,1.027235,36Kb,imageio,970653,2.554016
0.212428,36710,0.9769,36Kb,imageio,970653,3.269631
0.214008,36710,1.080475,36Kb,imageio,970653,3.381627
0.212169,36710,0.965867,36Kb,imageio,970653,3.185785
0.212268,36710,0.956467,36Kb,imageio,970653,4.459228
0.212857,36710,1.036195,36Kb,imageio,970653,3.585295
0.213754,36710,0.974837,36Kb,imageio,970653,1.793283
0.209724,36710,1.086239,36Kb,imageio,970653,4.601366
0.21563,36710,0.90626,36Kb,imageio,970653,1.964504
0.211149,36710,1.019889,36Kb,imageio,970653,3.295682
0.213013,36710,0.999829,36Kb,imageio,970653,3.571496
0.210052,36710,1.032565,36Kb,imageio,970653,3.271219
0.21219,36710,1.077188,36Kb,imageio,970653,3.180961
0.213485,36710,0.964322,36Kb,imageio,970653,2.414508
0.213766,36710,1.115115,36Kb,imageio,970653,3.344735
0.211568,36710,1.003288,36Kb,imageio,970653,3.298597
0.214385,36710,0.948321,36Kb,imageio,970653,3.299575
0.209598,36710,1.046829,36Kb,imageio,970653,2.602888
0.214615,36710,1.068469,36Kb,imageio,970653,1.659852
0.215515,36710,1.109876,36Kb,imageio,970653,3.468301
0.213905,36710,0.909624,36Kb,imageio,970653,1.819627
0.212123,36710,1.001123,36Kb,imageio,970653,3.340141
0.212371,36710,1.004285,36Kb,imageio,970653,1.801496
0.21307,36710,0.974516,36Kb,imageio,970653,3.306797
0.211785,36710,0.873091,36Kb,imageio,970653,3.383058
0.21008,36710,1.035445,36Kb,imageio,970653,1.861992
0.214793,36710,1.07438,36Kb,imageio,970653,2.674505
0.211246,36710,1.038584,36Kb,imageio,970653,3.271352
0.213933,36710,0.976629,36Kb,imageio,970653,3.312486
0.210959,36710,1.035211,36Kb,imageio,970653,4.348112
0.216241,36710,1.030074,36Kb,imageio,970653,3.469021
0.209701,36710,0.979535,36Kb,imageio,970653,3.372038
0.211842,36710,1.100523,36Kb,imageio,970653,4.068267
0.210991,36710,1.083424,36Kb,imageio,970653,3.309841
0.211477,36710,1.077106,36Kb,imageio,970653,1.900356
0.209893,36710,0.979188,36Kb,imageio,970653,4.12736
0.213051,36710,1.044962,36Kb,imageio,970653,3.36623
0.209629,36710,1.013284,36Kb,imageio,970653,1.835648
0.211561,36710,1.04682,36Kb,imageio,970653,3.278746
0.210942,36710,1.067343,36Kb,imageio,970653,3.268265
0.212562,36710,1.085987,36Kb,imageio,970653,3.264037
0.209775,36710,0.981295,36Kb,imageio,970653,1.843624
0.215435,36710,0.973773,36Kb,imageio,970653,3.470629
0.210929,36710,1.079664,36Kb,imageio,970653,2.351932
0.213832,36710,1.079005,36Kb,imageio,970653,3.300969
0.211071,36710,0.946037,36Kb,imageio,970653,3.086892
0.213243,36710,1.058981,36Kb,imageio,970653,3.233598
0.21316,36710,1.109733,36Kb,imageio,970653,4.30159
0.213654,36710,1.068859,36Kb,imageio,970653,4.228451
0.210626,36710,1.042994,36Kb,imageio,970653,3.512367
0.212286,36710,1.045266,36Kb,imageio,970653,4.336358
0.21123,36710,0.934187,36Kb,imageio,970653,3.597349
0.213778,36710,0.956176,36Kb,imageio,970653,2.508154
0.209211,36710,0.963753,36Kb,imageio,970653,4.377119
0.211054,36710,1.057657,36Kb,imageio,970653,3.369998
0.210262,36710,0.919505,36Kb,imageio,970653,3.337604
0.211678,36710,1.065511,36Kb,imageio,970653,3.071889
0.210154,36710,0.888364,36Kb,imageio,970653,1.780906
0.212548,36710,1.119481,36Kb,imageio,970653,3.265824
0.210192,36710,0.914226,36Kb,imageio,970653,2.2585
0.21383,36710,1.031245,36Kb,imageio,970653,1.930452
0.213916,36710,1.183469,36Kb,imageio,970653,3.266856
0.214981,36710,1.080467,36Kb,imageio,970653,3.27403
0.211446,36710,0.968383,36Kb,imageio,970653,4.294405
0.213284,36710,0.93083,36Kb,imageio,970653,1.732202
0.211311,36710,0.970697,36Kb,imageio,970653,4.263989
0.213134,36710,1.062757,36Kb,imageio,970653,3.267094
0.212269,36710,1.079276,36Kb,imageio,970653,3.27049
0.211799,36710,1.100813,36Kb,imageio,970653,2.912413
0.211691,36710,0.949829,36Kb,imageio,970653,1.819253
0.214728,36710,1.044987,36Kb,imageio,970653,3.059582
0.210376,36710,0.97908,36Kb,imageio,970653,4.293762
0.214282,36710,0.908959,36Kb,imageio,970653,4.378907
0.210199,36710,1.059837,36Kb,imageio,970653,2.723404
0.212768,36710,1.115874,36Kb,imageio,970653,3.504201
0.213457,36710,0.875654,36Kb,imageio,970653,3.351533
0.212146,36710,1.065647,36Kb,imageio,970653,4.304862
0.213442,36710,1.069856,36Kb,imageio,970653,3.197796
0.21511,36710,0.997142,36Kb,imageio,970653,1.860011
0.211062,36710,1.104297,36Kb,imageio,970653,2.832166
0.214258,36710,1.230432,36Kb,imageio,970653,3.450151
0.213621,36710,1.082714,36Kb,imageio,970653,4.28928
0.213264,36710,1.079531,36Kb,imageio,970653,4.291432
0.212549,36710,1.078433,36Kb,imageio,970653,3.26555
0.215081,36710,1.08055,36Kb,imageio,970653,1.88412
0.210738,36710,0.971916,36Kb,imageio,970653,3.329378
0.212011,36710,1.078578,36Kb,imageio,970653,2.241794
0.21296,36710,0.908676,36Kb,imageio,970653,1.902472
0.195533,36710,0.968529,36Kb,opencv,971337,1.838866
0.188624,36710,1.019743,36Kb,opencv,971337,3.270948
0.193739,36710,0.969912,36Kb,opencv,971337,1.912242
0.186084,36710,1.026105,36Kb,opencv,971337,1.662155
0.192462,36710,0.988871,36Kb,opencv,971337,3.268306
0.186244,36710,1.081634,36Kb,opencv,971337,1.711237
0.193348,36710,1.025532,36Kb,opencv,971337,1.980832
0.186069,36710,1.094201,36Kb,opencv,971337,3.361969
0.193297,36710,1.081383,36Kb,opencv,971337,1.675349
0.187583,36710,0.952119,36Kb,opencv,971337,3.364439
0.195236,36710,1.113718,36Kb,opencv,971337,1.717121
0.187547,36710,0.925198,36Kb,opencv,971337,1.838743
0.193304,36710,0.978018,36Kb,opencv,971337,1.851867
0.188167,36710,0.976757,36Kb,opencv,971337,3.161404
0.193459,36710,0.936597,36Kb,opencv,971337,3.267072
0.186693,36710,1.070368,36Kb,opencv,971337,1.756041
0.192195,36710,0.980121,36Kb,opencv,971337,3.319074
0.185884,36710,0.947304,36Kb,opencv,971337,3.181671
0.207621,36710,0.993032,36Kb,opencv,971337,1.937693
0.18838,36710,0.982584,36Kb,opencv,971337,2.123392
0.193428,36710,1.019354,36Kb,opencv,971337,4.334259
0.186459,36710,0.956719,36Kb,opencv,971337,4.332153
0.192031,36710,0.964625,36Kb,opencv,971337,3.751978
0.185923,36710,1.154027,36Kb,opencv,971337,3.899566
0.191492,36710,0.966277,36Kb,opencv,971337,3.568147
0.18546,36710,1.114838,36Kb,opencv,971337,1.754345
0.193936,36710,0.879781,36Kb,opencv,971337,4.741896
0.186874,36710,1.00348,36Kb,opencv,971337,2.078652
0.192277,36710,1.025483,36Kb,opencv,971337,3.345683
0.185827,36710,1.025453,36Kb,opencv,971337,2.616626
0.192835,36710,1.14491,36Kb,opencv,971337,2.975306
0.188559,36710,0.963174,36Kb,opencv,971337,3.414457
0.191601,36710,0.98587,36Kb,opencv,971337,1.749488
0.186938,36710,0.942235,36Kb,opencv,971337,1.68419
0.192638,36710,0.933789,36Kb,opencv,971337,2.007974
0.186879,36710,0.913162,36Kb,opencv,971337,2.437055
0.192295,36710,1.102666,36Kb,opencv,971337,3.284881
0.186942,36710,0.96293,36Kb,opencv,971337,2.534379
0.195151,36710,1.328305,36Kb,opencv,971337,3.286832
0.188378,36710,1.082403,36Kb,opencv,971337,3.296278
0.192163,36710,0.971861,36Kb,opencv,971337,3.332919
0.186639,36710,0.935475,36Kb,opencv,971337,2.122655
0.1928,36710,1.04326,36Kb,opencv,971337,2.490771
0.186225,36710,1.036152,36Kb,opencv,971337,2.678141
0.192575,36710,1.08214,36Kb,opencv,971337,3.17765
0.198789,36710,1.190173,36Kb,opencv,971337,3.447271
0.19197,36710,1.12385,36Kb,opencv,971337,3.116897
0.18775,36710,1.251694,36Kb,opencv,971337,2.471692
0.191788,36710,1.185111,36Kb,opencv,971337,1.956504
0.187398,36710,0.900115,36Kb,opencv,971337,2.515411
0.193813,36710,0.763754,36Kb,opencv,971337,3.081923
0.18691,36710,0.923631,36Kb,opencv,971337,3.367042
0.192963,36710,1.107836,36Kb,opencv,971337,2.072904
0.185751,36710,0.96514,36Kb,opencv,971337,3.180659
0.191795,36710,1.188043,36Kb,opencv,971337,1.798912
0.186794,36710,1.138202,36Kb,opencv,971337,2.267959
0.193188,36710,0.981686,36Kb,opencv,971337,2.158853
0.185557,36710,0.980202,36Kb,opencv,971337,3.395434
0.192554,36710,0.800444,36Kb,opencv,971337,4.348053
0.185716,36710,0.833299,36Kb,opencv,971337,3.087552
0.19467,36710,0.994805,36Kb,opencv,971337,2.234083
0.186437,36710,1.004366,36Kb,opencv,971337,1.777882
0.192147,36710,0.877974,36Kb,opencv,971337,4.59832
0.186569,36710,0.959656,36Kb,opencv,971337,3.335239
0.193035,36710,0.940514,36Kb,opencv,971337,2.670551
0.187502,36710,0.982154,36Kb,opencv,971337,1.959838
0.192423,36710,1.245718,36Kb,opencv,971337,1.89284
0.185148,36710,0.930054,36Kb,opencv,971337,3.530064
0.192575,36710,0.907274,36Kb,opencv,971337,3.28645
0.193074,36710,1.08271,36Kb,opencv,971337,3.286225
0.191546,36710,0.981938,36Kb,opencv,971337,2.777492
0.186296,36710,1.082345,36Kb,opencv,971337,1.764918
0.194833,36710,1.074349,36Kb,opencv,971337,1.952622
0.185388,36710,0.984682,36Kb,opencv,971337,1.63307
0.192846,36710,1.105293,36Kb,opencv,971337,1.954771
0.189068,36710,0.98305,36Kb,opencv,971337,2.052825
0.19181,36710,1.093365,36Kb,opencv,971337,2.038933
0.18684,36710,1.100799,36Kb,opencv,971337,1.814836
0.192051,36710,1.028195,36Kb,opencv,971337,1.770836
0.187617,36710,1.16412,36Kb,opencv,971337,2.164337
0.191386,36710,1.002471,36Kb,opencv,971337,3.525452
0.186807,36710,1.032301,36Kb,opencv,971337,2.164243
0.193428,36710,0.981939,36Kb,opencv,971337,1.869703
0.186533,36710,0.963066,36Kb,opencv,971337,2.678546
0.192638,36710,1.078579,36Kb,opencv,971337,1.756499
0.188554,36710,0.975943,36Kb,opencv,971337,4.336272
0.192882,36710,0.957668,36Kb,opencv,971337,1.821212
0.186832,36710,1.012075,36Kb,opencv,971337,1.753891
0.191977,36710,0.984296,36Kb,opencv,971337,1.707629
0.185944,36710,1.025288,36Kb,opencv,971337,2.944117
0.194171,36710,0.920934,36Kb,opencv,971337,3.284939
0.186061,36710,1.085274,36Kb,opencv,971337,1.859299
0.192324,36710,1.943132,36Kb,opencv,971337,3.077375
0.185316,36710,1.151025,36Kb,opencv,971337,2.269227
0.194699,36710,1.116077,36Kb,opencv,971337,3.314946
0.188285,36710,0.957012,36Kb,opencv,971337,4.204539
0.19271,36710,0.946454,36Kb,opencv,971337,3.344579
0.186321,36710,1.024041,36Kb,opencv,971337,1.657337
0.195356,36710,0.978918,36Kb,opencv,971337,3.178593
0.187765,36710,1.087349,36Kb,opencv,971337,1.855504
1.396449,540052,4.168424,540Kb,moviepy,6512208,7.187202
1.40821,540052,2.129371,540Kb,moviepy,6512208,4.735486
1.379579,540052,1.927846,540Kb,moviepy,6512208,5.277376
1.370544,540052,1.8764,540Kb,moviepy,6512208,5.157541
1.397188,540052,1.892929,540Kb,moviepy,6512208,4.954495
1.39833,540052,2.519637,540Kb,moviepy,6512208,5.250141
1.383181,540052,1.330194,540Kb,moviepy,6512208,9.527991
1.384836,540052,1.820745,540Kb,moviepy,6512208,6.353392
1.385949,540052,1.659128,540Kb,moviepy,6512208,6.720147
1.36324,540052,1.5246,540Kb,moviepy,6512208,4.747237
1.379621,540052,2.66254,540Kb,moviepy,6512208,7.174895
1.36451,540052,1.778637,540Kb,moviepy,6512208,4.461055
1.385284,540052,1.371725,540Kb,moviepy,6512208,4.413088
1.378224,540052,1.719884,540Kb,moviepy,6512208,4.57221
1.408258,540052,1.777796,540Kb,moviepy,6512208,7.828427
1.392575,540052,2.109109,540Kb,moviepy,6512208,7.875209
1.373021,540052,2.025142,540Kb,moviepy,6512208,7.572131
1.365256,540052,1.674799,540Kb,moviepy,6512208,7.214001
1.362595,540052,1.951609,540Kb,moviepy,6512208,8.167357
1.363667,540052,1.954075,540Kb,moviepy,6512208,5.191595
1.369218,540052,1.83881,540Kb,moviepy,6512208,4.629076
1.385923,540052,1.611956,540Kb,moviepy,6512208,4.259116
1.366224,540052,1.406046,540Kb,moviepy,6512208,4.521627
1.367206,540052,1.413091,540Kb,moviepy,6512208,4.436267
1.390234,540052,1.422967,540Kb,moviepy,6512208,4.621059
1.402341,540052,1.913544,540Kb,moviepy,6512208,9.43911
1.366194,540052,3.406598,540Kb,moviepy,6512208,8.042402
1.365752,540052,2.043472,540Kb,moviepy,6512208,7.969328
1.379397,540052,1.98467,540Kb,moviepy,6512208,4.735867
1.365195,540052,1.908663,540Kb,moviepy,6512208,4.519065
1.376793,540052,1.811695,540Kb,moviepy,6512208,8.992719
1.362368,540052,1.373172,540Kb,moviepy,6512208,4.575368
1.388701,540052,1.734703,540Kb,moviepy,6512208,7.962433
1.379628,540052,2.176519,540Kb,moviepy,6512208,8.335498
1.404074,540052,1.764764,540Kb,moviepy,6512208,4.479538
1.404912,540052,1.494942,540Kb,moviepy,6512208,7.751416
1.575224,540052,1.590621,540Kb,moviepy,6512208,4.477065
1.366899,540052,1.890159,540Kb,moviepy,6512208,7.804834
1.36499,540052,1.573143,540Kb,moviepy,6512208,4.856528
1.370419,540052,1.442354,540Kb,moviepy,6512208,4.71759
1.367741,540052,1.824077,540Kb,moviepy,6512208,5.003239
1.362126,540052,1.868608,540Kb,moviepy,6512208,4.675994
1.378383,540052,2.180152,540Kb,moviepy,6512208,3.990174
1.362877,540052,1.908875,540Kb,moviepy,6512208,4.112247
1.394678,540052,1.875961,540Kb,moviepy,6512208,4.088454
1.396716,540052,2.702114,540Kb,moviepy,6512208,6.982173
1.376359,540052,1.936088,540Kb,moviepy,6512208,4.280747
1.362354,540052,1.461113,540Kb,moviepy,6512208,4.09318
1.368842,540052,2.225324,540Kb,moviepy,6512208,4.347705
1.362977,540052,3.547697,540Kb,moviepy,6512208,6.61263
1.374994,540052,1.900408,540Kb,moviepy,6512208,3.947018
1.382197,540052,2.273078,540Kb,moviepy,6512208,4.036085
1.366732,540052,1.756311,540Kb,moviepy,6512208,7.556909
1.364383,540052,1.649362,540Kb,moviepy,6512208,8.267912
1.394138,540052,1.825154,540Kb,moviepy,6512208,7.974782
1.402235,540052,2.106615,540Kb,moviepy,6512208,5.001014
1.364932,540052,1.574856,540Kb,moviepy,6512208,4.18098
1.363287,540052,1.814276,540Kb,moviepy,6512208,9.573933
1.372292,540052,1.988045,540Kb,moviepy,6512208,3.89714
1.385746,540052,1.497176,540Kb,moviepy,6512208,6.22843
1.38227,540052,1.527895,540Kb,moviepy,6512208,6.288526
1.376585,540052,2.0276,540Kb,moviepy,6512208,4.283796
1.372336,540052,3.705837,540Kb,moviepy,6512208,9.253675
1.367268,540052,2.07336,540Kb,moviepy,6512208,4.02952
1.405368,540052,1.5754,540Kb,moviepy,6512208,8.006893
1.390901,540052,1.567362,540Kb,moviepy,6512208,6.23795
1.374309,540052,1.599086,540Kb,moviepy,6512208,4.393291
1.371622,540052,2.068794,540Kb,moviepy,6512208,4.28487
1.375418,540052,1.839427,540Kb,moviepy,6512208,4.110934
1.36861,540052,1.922632,540Kb,moviepy,6512208,4.263192
1.367678,540052,1.807816,540Kb,moviepy,6512208,8.122779
1.386465,540052,1.885396,540Kb,moviepy,6512208,4.220206
1.365852,540052,1.875473,540Kb,moviepy,6512208,4.490242
1.380149,540052,1.937561,540Kb,moviepy,6512208,4.046104
1.400039,540052,2.005373,540Kb,moviepy,6512208,7.667874
1.398845,540052,1.843876,540Kb,moviepy,6512208,4.350287
1.380939,540052,1.592749,540Kb,moviepy,6512208,4.026409
1.368685,540052,1.608142,540Kb,moviepy,6512208,4.368399
1.373709,540052,2.027637,540Kb,moviepy,6512208,8.022264
1.373031,540052,2.369686,540Kb,moviepy,6512208,3.887975
1.373981,540052,1.979217,540Kb,moviepy,6512208,5.675683
1.362465,540052,2.047683,540Kb,moviepy,6512208,9.651575
1.365768,540052,1.504926,540Kb,moviepy,6512208,4.303977
1.368137,540052,2.225653,540Kb,moviepy,6512208,4.343655
1.412342,540052,1.851948,540Kb,moviepy,6512208,4.380568
1.398582,540052,1.878367,540Kb,moviepy,6512208,6.920436
1.373425,540052,1.875882,540Kb,moviepy,6512208,5.113795
1.364775,540052,1.723407,540Kb,moviepy,6512208,4.391377
1.376306,540052,1.442206,540Kb,moviepy,6512208,4.915243
1.386609,540052,2.673299,540Kb,moviepy,6512208,10.110815
1.389055,540052,1.947204,540Kb,moviepy,6512208,4.471791
1.361786,540052,1.929956,540Kb,moviepy,6512208,8.235546
1.384962,540052,2.01327,540Kb,moviepy,6512208,7.984097
1.379853,540052,1.901069,540Kb,moviepy,6512208,6.052173
1.376495,540052,1.914208,540Kb,moviepy,6512208,4.235223
1.355505,540052,1.960049,540Kb,moviepy,6512208,4.064279
1.366315,540052,2.056002,540Kb,moviepy,6512208,4.005335
1.370569,540052,2.660923,540Kb,moviepy,6512208,8.00641
1.372593,540052,2.964335,540Kb,moviepy,6512208,4.281002
1.381366,540052,1.953758,540Kb,moviepy,6512208,4.296058
0.297395,540052,1.95805,540Kb,ffmpeg,1004589,2.037518
0.295144,540052,1.811167,540Kb,ffmpeg,1004589,3.717181
0.294139,540052,2.113227,540Kb,ffmpeg,1004589,1.974988
0.291264,540052,3.033121,540Kb,ffmpeg,1004589,4.359757
0.292601,540052,1.764476,540Kb,ffmpeg,1004589,1.575644
0.293374,540052,1.719841,540Kb,ffmpeg,1004589,3.45193
0.293941,540052,1.761859,540Kb,ffmpeg,1004589,4.343943
0.298871,540052,1.771142,540Kb,ffmpeg,1004589,1.669183
0.291357,540052,1.718927,540Kb,ffmpeg,1004589,4.354129
0.294501,540052,1.665974,540Kb,ffmpeg,1004589,2.001078
0.290688,540052,1.691385,540Kb,ffmpeg,1004589,2.564044
0.29301,540052,1.900865,540Kb,ffmpeg,1004589,1.984392
0.294052,540052,1.531536,540Kb,ffmpeg,1004589,4.702406
0.293744,540052,2.059838,540Kb,ffmpeg,1004589,1.880748
0.290909,540052,1.812558,540Kb,ffmpeg,1004589,1.565451
0.292677,540052,1.890561,540Kb,ffmpeg,1004589,3.415241
0.293115,540052,1.794177,540Kb,ffmpeg,1004589,1.893779
0.292662,540052,1.844674,540Kb,ffmpeg,1004589,1.782085
0.291116,540052,1.955035,540Kb,ffmpeg,1004589,2.055268
0.291867,540052,3.376144,540Kb,ffmpeg,1004589,1.866743
0.292167,540052,2.936223,540Kb,ffmpeg,1004589,2.020001
0.291528,540052,2.81149,540Kb,ffmpeg,1004589,3.495184
0.291703,540052,1.787495,540Kb,ffmpeg,1004589,3.396172
0.293649,540052,1.445108,540Kb,ffmpeg,1004589,3.291669
0.292751,540052,1.932135,540Kb,ffmpeg,1004589,3.297584
0.292069,540052,3.389951,540Kb,ffmpeg,1004589,1.744451
0.291623,540052,2.117023,540Kb,ffmpeg,1004589,2.569281
0.291122,540052,1.894484,540Kb,ffmpeg,1004589,3.021913
0.29143,540052,1.862084,540Kb,ffmpeg,1004589,1.76383
0.2938,540052,1.81375,540Kb,ffmpeg,1004589,1.68579
0.292397,540052,2.003864,540Kb,ffmpeg,1004589,3.982988
0.292855,540052,1.805887,540Kb,ffmpeg,1004589,3.696315
0.292641,540052,1.568158,540Kb,ffmpeg,1004589,1.852912
0.292669,540052,2.117517,540Kb,ffmpeg,1004589,2.056332
0.291365,540052,1.870368,540Kb,ffmpeg,1004589,1.825715
0.292195,540052,1.677182,540Kb,ffmpeg,1004589,4.323553
0.294276,540052,2.008681,540Kb,ffmpeg,1004589,3.48435
0.291764,540052,1.813812,540Kb,ffmpeg,1004589,4.393099
0.294173,540052,2.182637,540Kb,ffmpeg,1004589,4.578762
0.29214,540052,2.061169,540Kb,ffmpeg,1004589,1.908792
0.290753,540052,2.462718,540Kb,ffmpeg,1004589,1.839778
0.294185,540052,2.733079,540Kb,ffmpeg,1004589,2.15016
0.294293,540052,1.761934,540Kb,ffmpeg,1004589,4.552965
0.291855,540052,1.855512,540Kb,ffmpeg,1004589,1.799915
0.291797,540052,1.785052,540Kb,ffmpeg,1004589,1.758078
0.36872,540052,1.423595,540Kb,ffmpeg,1004589,1.724486
0.291666,540052,1.976433,540Kb,ffmpeg,1004589,2.812246
0.291462,540052,2.13517,540Kb,ffmpeg,1004589,4.402831
0.290704,540052,1.905679,540Kb,ffmpeg,1004589,1.952162
0.29178,540052,2.052074,540Kb,ffmpeg,1004589,1.809249
0.293745,540052,1.96125,540Kb,ffmpeg,1004589,2.323548
0.2911,540052,1.397832,540Kb,ffmpeg,1004589,3.951518
0.293235,540052,1.440728,540Kb,ffmpeg,1004589,3.470176
0.291769,540052,1.836894,540Kb,ffmpeg,1004589,3.374169
0.292111,540052,1.416466,540Kb,ffmpeg,1004589,4.725485
0.291802,540052,1.706602,540Kb,ffmpeg,1004589,3.541526
0.292836,540052,1.797017,540Kb,ffmpeg,1004589,1.881512
0.293129,540052,2.051684,540Kb,ffmpeg,1004589,2.119089
0.292301,540052,2.04603,540Kb,ffmpeg,1004589,4.338206
0.291574,540052,2.31551,540Kb,ffmpeg,1004589,1.744397
0.295675,540052,1.422578,540Kb,ffmpeg,1004589,1.816295
0.292588,540052,1.917012,540Kb,ffmpeg,1004589,1.804572
0.290657,540052,1.376276,540Kb,ffmpeg,1004589,4.516038
0.291824,540052,1.95489,540Kb,ffmpeg,1004589,1.957085
0.292013,540052,2.294527,540Kb,ffmpeg,1004589,1.927393
0.292367,540052,1.447283,540Kb,ffmpeg,1004589,4.404871
0.293126,540052,1.816895,540Kb,ffmpeg,1004589,2.036636
0.292864,540052,2.23633,540Kb,ffmpeg,1004589,1.764086
0.291313,540052,1.885094,540Kb,ffmpeg,1004589,2.249308
0.292212,540052,1.993644,540Kb,ffmpeg,1004589,1.819748
0.291869,540052,1.655756,540Kb,ffmpeg,1004589,1.980567
0.292478,540052,1.955422,540Kb,ffmpeg,1004589,4.51202
0.291619,540052,1.986072,540Kb,ffmpeg,1004589,1.934912
0.293868,540052,1.488036,540Kb,ffmpeg,1004589,1.858903
0.291876,540052,1.443312,540Kb,ffmpeg,1004589,4.474337
0.291463,540052,1.931885,540Kb,ffmpeg,1004589,1.816967
0.291245,540052,1.511603,540Kb,ffmpeg,1004589,1.792035
0.292621,540052,1.475167,540Kb,ffmpeg,1004589,3.100989
0.291079,540052,1.792235,540Kb,ffmpeg,1004589,3.382378
0.292001,540052,3.032477,540Kb,ffmpeg,1004589,4.551337
0.290812,540052,1.719571,540Kb,ffmpeg,1004589,1.959131
0.293482,540052,2.050189,540Kb,ffmpeg,1004589,1.793994
0.293495,540052,2.185061,540Kb,ffmpeg,1004589,1.791621
0.293081,540052,1.885513,540Kb,ffmpeg,1004589,3.341669
0.293336,540052,1.921676,540Kb,ffmpeg,1004589,2.855393
0.293771,540052,1.879772,540Kb,ffmpeg,1004589,2.65489
0.291363,540052,1.503004,540Kb,ffmpeg,1004589,1.678745
0.29316,540052,1.87517,540Kb,ffmpeg,1004589,4.543397
0.293033,540052,1.915875,540Kb,ffmpeg,1004589,2.267472
0.291749,540052,1.876751,540Kb,ffmpeg,1004589,1.79052
0.292472,540052,1.700886,540Kb,ffmpeg,1004589,1.832165
0.29144,540052,2.876342,540Kb,ffmpeg,1004589,3.464203
0.291829,540052,2.076428,540Kb,ffmpeg,1004589,1.776916
0.294836,540052,1.920455,540Kb,ffmpeg,1004589,4.553767
0.292503,540052,1.840908,540Kb,ffmpeg,1004589,2.815196
0.294136,540052,1.897944,540Kb,ffmpeg,1004589,1.722312
0.292034,540052,1.464718,540Kb,ffmpeg,1004589,3.387264
0.293082,540052,1.639627,540Kb,ffmpeg,1004589,3.590967
0.293653,540052,1.464516,540Kb,ffmpeg,1004589,1.910619
0.292377,540052,2.76479,540Kb,ffmpeg,1004589,2.11235
1.35592,540052,1.910618,540Kb,imageio,6507724,8.145186
1.357761,540052,1.946964,540Kb,imageio,6507724,3.998769
1.389439,540052,1.844074,540Kb,imageio,6507724,14.718824
1.39158,540052,1.999941,540Kb,imageio,6507724,7.781322
1.356383,540052,1.505193,540Kb,imageio,6507724,7.907515
1.355329,540052,1.778708,540Kb,imageio,6507724,4.151583
1.368786,540052,1.705519,540Kb,imageio,6507724,4.188408
1.357806,540052,2.032243,540Kb,imageio,6507724,7.58536
1.36565,540052,2.04222,540Kb,imageio,6507724,4.407435
1.354922,540052,2.354305,540Kb,imageio,6507724,9.321783
1.355665,540052,1.504499,540Kb,imageio,6507724,4.422297
1.351918,540052,1.546828,540Kb,imageio,6507724,4.325048
1.386796,540052,1.407376,540Kb,imageio,6507724,4.327495
1.381317,540052,1.860019,540Kb,imageio,6507724,4.185665
1.362245,540052,1.411585,540Kb,imageio,6507724,8.33885
1.352496,540052,1.813193,540Kb,imageio,6507724,4.221389
1.353412,540052,1.60184,540Kb,imageio,6507724,6.148322
1.350243,540052,2.234286,540Kb,imageio,6507724,3.911254
1.362375,540052,2.094956,540Kb,imageio,6507724,5.403735
1.350736,540052,1.712685,540Kb,imageio,6507724,4.364826
1.353048,540052,2.313191,540Kb,imageio,6507724,4.1742
1.355575,540052,1.822812,540Kb,imageio,6507724,7.912359
1.355068,540052,1.806555,540Kb,imageio,6507724,4.109378
1.358738,540052,5.264774,540Kb,imageio,6507724,5.603003
1.369174,540052,1.941112,540Kb,imageio,6507724,8.168801
1.369733,540052,1.820346,540Kb,imageio,6507724,8.185305
1.36313,540052,2.27651,540Kb,imageio,6507724,4.256963
1.35512,540052,1.32968,540Kb,imageio,6507724,4.128999
1.3585,540052,1.821416,540Kb,imageio,6507724,8.140843
1.365039,540052,2.241673,540Kb,imageio,6507724,7.05656
1.394288,540052,1.837392,540Kb,imageio,6507724,4.152454
1.395686,540052,1.956298,540Kb,imageio,6507724,7.558807
1.375205,540052,1.970249,540Kb,imageio,6507724,6.606583
1.36602,540052,1.675648,540Kb,imageio,6507724,4.611852
1.368531,540052,1.84988,540Kb,imageio,6507724,9.5337
1.382162,540052,1.9181,540Kb,imageio,6507724,3.996389
1.361926,540052,1.598174,540Kb,imageio,6507724,3.930246
1.353697,540052,1.456546,540Kb,imageio,6507724,4.228266
1.361957,540052,2.209511,540Kb,imageio,6507724,7.833238
1.359806,540052,1.609003,540Kb,imageio,6507724,4.118565
1.352298,540052,1.471417,540Kb,imageio,6507724,7.071997
1.366488,540052,1.87053,540Kb,imageio,6507724,9.315528
1.36052,540052,2.131473,540Kb,imageio,6507724,7.782668
1.357494,540052,1.916205,540Kb,imageio,6507724,4.088063
1.366424,540052,2.010687,540Kb,imageio,6507724,5.71642
1.370634,540052,1.898409,540Kb,imageio,6507724,8.459503
1.354358,540052,1.905197,540Kb,imageio,6507724,4.435753
1.354896,540052,1.849111,540Kb,imageio,6507724,6.069751
1.384773,540052,1.557731,540Kb,imageio,6507724,4.590107
1.388723,540052,1.799004,540Kb,imageio,6507724,4.345783
1.35676,540052,1.692906,540Kb,imageio,6507724,4.377356
1.353915,540052,1.575626,540Kb,imageio,6507724,8.390002
1.369123,540052,3.001413,540Kb,imageio,6507724,6.296189
1.348646,540052,1.975869,540Kb,imageio,6507724,4.303691
1.366952,540052,1.884278,540Kb,imageio,6507724,4.44932
1.356019,540052,1.585558,540Kb,imageio,6507724,4.283936
1.366269,540052,1.817198,540Kb,imageio,6507724,8.236385
1.356646,540052,1.831406,540Kb,imageio,6507724,8.598428
1.395092,540052,1.736134,540Kb,imageio,6507724,7.94329
1.377342,540052,1.612982,540Kb,imageio,6507724,4.495798
1.35493,540052,4.87077,540Kb,imageio,6507724,4.277029
1.357241,540052,3.029225,540Kb,imageio,6507724,5.04747
1.368274,540052,2.016974,540Kb,imageio,6507724,4.431274
1.350035,540052,1.56526,540Kb,imageio,6507724,4.001282
1.372967,540052,1.51631,540Kb,imageio,6507724,4.563694
1.34889,540052,1.838531,540Kb,imageio,6507724,7.81285
1.371884,540052,1.958948,540Kb,imageio,6507724,4.063906
1.367314,540052,1.917188,540Kb,imageio,6507724,7.836576
1.393876,540052,1.944806,540Kb,imageio,6507724,4.150013
1.387191,540052,2.101982,540Kb,imageio,6507724,3.912605
1.375947,540052,1.252439,540Kb,imageio,6507724,7.903658
1.351833,540052,2.126774,540Kb,imageio,6507724,4.328792
1.361445,540052,1.862091,540Kb,imageio,6507724,4.197277
1.35032,540052,2.059712,540Kb,imageio,6507724,4.116572
1.361477,540052,2.161348,540Kb,imageio,6507724,4.111943
1.356875,540052,1.956117,540Kb,imageio,6507724,4.62878
1.370465,540052,1.877505,540Kb,imageio,6507724,5.101481
1.352488,540052,1.852876,540Kb,imageio,6507724,4.322939
1.36629,540052,1.831297,540Kb,imageio,6507724,7.890349
1.346671,540052,1.686742,540Kb,imageio,6507724,4.120898
1.368149,540052,1.69334,540Kb,imageio,6507724,3.880374
1.350126,540052,2.009007,540Kb,imageio,6507724,7.731285
1.36606,540052,2.154294,540Kb,imageio,6507724,4.140785
1.34989,540052,1.97989,540Kb,imageio,6507724,4.134285
1.368455,540052,1.798674,540Kb,imageio,6507724,9.382678
1.351549,540052,2.286586,540Kb,imageio,6507724,5.183364
1.385528,540052,1.800371,540Kb,imageio,6507724,8.027971
1.38428,540052,1.814864,540Kb,imageio,6507724,4.483824
1.356041,540052,1.886439,540Kb,imageio,6507724,7.476028
1.355937,540052,1.955262,540Kb,imageio,6507724,7.560645
1.35347,540052,1.825638,540Kb,imageio,6507724,4.210648
1.351138,540052,2.03417,540Kb,imageio,6507724,4.281635
1.365643,540052,2.049763,540Kb,imageio,6507724,7.576617
1.357599,540052,3.004463,540Kb,imageio,6507724,4.75043
1.362698,540052,2.732242,540Kb,imageio,6507724,8.04333
1.364167,540052,2.280465,540Kb,imageio,6507724,4.56177
1.388926,540052,1.839952,540Kb,imageio,6507724,4.507997
1.383714,540052,1.974832,540Kb,imageio,6507724,9.705946
1.374979,540052,1.458478,540Kb,imageio,6507724,8.138072
1.357868,540052,1.837913,540Kb,imageio,6507724,9.413095
1.414703,540052,3.373583,540Kb,opencv,6512208,4.732073
1.288449,540052,1.429624,540Kb,opencv,6512208,7.27063
1.306987,540052,1.473552,540Kb,opencv,6512208,4.665268
1.28074,540052,1.838305,540Kb,opencv,6512208,7.386669
1.300557,540052,1.647354,540Kb,opencv,6512208,4.441462
1.281836,540052,1.807986,540Kb,opencv,6512208,5.076861
1.32125,540052,1.866507,540Kb,opencv,6512208,7.912928
1.311317,540052,1.985565,540Kb,opencv,6512208,7.777702
1.290286,540052,1.867326,540Kb,opencv,6512208,4.49209
1.283618,540052,2.143929,540Kb,opencv,6512208,8.244889
1.299348,540052,1.817671,540Kb,opencv,6512208,4.681846
1.277585,540052,1.899409,540Kb,opencv,6512208,5.175399
1.303192,540052,2.893069,540Kb,opencv,6512208,7.842997
1.297599,540052,1.913673,540Kb,opencv,6512208,4.656063
1.292434,540052,1.930607,540Kb,opencv,6512208,4.750783
1.286673,540052,1.470185,540Kb,opencv,6512208,7.738992
1.314774,540052,1.402436,540Kb,opencv,6512208,9.49218
1.302526,540052,1.833667,540Kb,opencv,6512208,4.254872
1.28977,540052,1.783761,540Kb,opencv,6512208,4.460209
1.277583,540052,2.522658,540Kb,opencv,6512208,4.348847
1.293101,540052,2.233409,540Kb,opencv,6512208,9.436743
1.281028,540052,1.746093,540Kb,opencv,6512208,6.507875
1.291102,540052,3.740164,540Kb,opencv,6512208,4.65645
1.282162,540052,1.869521,540Kb,opencv,6512208,4.379381
1.298086,540052,2.335193,540Kb,opencv,6512208,5.205741
1.288694,540052,1.831435,540Kb,opencv,6512208,4.542214
1.312131,540052,1.850922,540Kb,opencv,6512208,7.29678
1.304216,540052,2.326795,540Kb,opencv,6512208,5.646299
1.29601,540052,1.925047,540Kb,opencv,6512208,7.6921
1.280541,540052,1.9822,540Kb,opencv,6512208,4.534306
1.292468,540052,2.426637,540Kb,opencv,6512208,7.807122
1.284141,540052,1.903979,540Kb,opencv,6512208,9.539665
1.298332,540052,1.394167,540Kb,opencv,6512208,4.06511
1.281399,540052,2.33398,540Kb,opencv,6512208,8.01489
1.3008,540052,1.334668,540Kb,opencv,6512208,7.92853
1.278764,540052,1.554084,540Kb,opencv,6512208,4.436273
1.319578,540052,1.369609,540Kb,opencv,6512208,4.759632
1.307477,540052,1.889275,540Kb,opencv,6512208,8.535186
1.29516,540052,2.993362,540Kb,opencv,6512208,4.278406
1.280556,540052,2.677822,540Kb,opencv,6512208,7.773886
1.314391,540052,1.647984,540Kb,opencv,6512208,7.347034
1.286598,540052,2.082957,540Kb,opencv,6512208,5.968496
1.292276,540052,1.903371,540Kb,opencv,6512208,4.005555
1.299683,540052,1.72233,540Kb,opencv,6512208,4.413577
1.295225,540052,2.447897,540Kb,opencv,6512208,4.043636
1.299036,540052,2.403243,540Kb,opencv,6512208,4.614446
1.327912,540052,1.767276,540Kb,opencv,6512208,4.140074
1.314657,540052,1.844592,540Kb,opencv,6512208,4.167644
1.294214,540052,1.652654,540Kb,opencv,6512208,8.991397
1.280328,540052,1.918286,540Kb,opencv,6512208,7.260552
1.288556,540052,1.725736,540Kb,opencv,6512208,9.393364
1.280259,540052,2.015079,540Kb,opencv,6512208,8.08729
1.297129,540052,2.098139,540Kb,opencv,6512208,9.522739
1.298586,540052,1.81224,540Kb,opencv,6512208,4.281665
1.29681,540052,2.016498,540Kb,opencv,6512208,7.506484
1.296212,540052,1.880952,540Kb,opencv,6512208,4.921299
1.320484,540052,1.518015,540Kb,opencv,6512208,9.713239
1.300785,540052,1.399056,540Kb,opencv,6512208,7.658294
1.30607,540052,1.924341,540Kb,opencv,6512208,4.363625
1.295254,540052,3.646274,540Kb,opencv,6512208,6.831202
1.292896,540052,1.95166,540Kb,opencv,6512208,4.715534
1.28665,540052,1.880836,540Kb,opencv,6512208,5.185307
1.294651,540052,1.740638,540Kb,opencv,6512208,7.05671
1.280421,540052,1.835567,540Kb,opencv,6512208,4.27278
1.289284,540052,2.028559,540Kb,opencv,6512208,8.206035
1.282679,540052,1.788261,540Kb,opencv,6512208,4.318253
1.317323,540052,1.753455,540Kb,opencv,6512208,7.43508
1.305043,540052,1.357334,540Kb,opencv,6512208,4.419548
1.29495,540052,2.124997,540Kb,opencv,6512208,9.438179
1.282344,540052,1.842806,540Kb,opencv,6512208,6.415417
1.29043,540052,1.845688,540Kb,opencv,6512208,7.566916
1.279763,540052,1.500965,540Kb,opencv,6512208,4.719475
1.296289,540052,2.183028,540Kb,opencv,6512208,4.3582
1.279694,540052,1.340787,540Kb,opencv,6512208,8.147121
1.291497,540052,2.523785,540Kb,opencv,6512208,3.919852
1.282808,540052,1.623817,540Kb,opencv,6512208,4.009162
1.312229,540052,2.325191,540Kb,opencv,6512208,4.308304
1.31874,540052,1.608586,540Kb,opencv,6512208,4.403908
1.293875,540052,1.947613,540Kb,opencv,6512208,4.289124
1.279571,540052,3.550548,540Kb,opencv,6512208,7.61889
1.293104,540052,2.286643,540Kb,opencv,6512208,4.468321
1.28311,540052,1.778032,540Kb,opencv,6512208,9.65379
1.294022,540052,2.026378,540Kb,opencv,6512208,4.883381
1.293483,540052,2.22265,540Kb,opencv,6512208,9.441283
1.294289,540052,1.986156,540Kb,opencv,6512208,4.214506
1.285601,540052,1.781575,540Kb,opencv,6512208,4.362158
1.319538,540052,2.218994,540Kb,opencv,6512208,7.055294
1.313932,540052,1.966368,540Kb,opencv,6512208,5.348521
1.303874,540052,1.985615,540Kb,opencv,6512208,6.393427
1.278655,540052,1.941958,540Kb,opencv,6512208,6.872439
1.291625,540052,2.219781,540Kb,opencv,6512208,8.690517
1.282794,540052,2.176504,540Kb,opencv,6512208,5.531125
1.290591,540052,2.465659,540Kb,opencv,6512208,6.068385
1.298536,540052,1.571801,540Kb,opencv,6512208,5.690075
1.295909,540052,1.831542,540Kb,opencv,6512208,7.575318
1.2816,540052,1.734807,540Kb,opencv,6512208,5.909667
1.328262,540052,1.854595,540Kb,opencv,6512208,8.139773
1.309102,540052,1.901358,540Kb,opencv,6512208,8.169307
1.292672,540052,1.937908,540Kb,opencv,6512208,5.491545
1.302172,540052,1.538412,540Kb,opencv,6512208,5.511292
9.960791,6746802,3.17155,6Mb,moviepy,55252384,8.151674
9.984355,6746802,1.371004,6Mb,moviepy,55252384,5.164365
9.951917,6746802,1.334631,6Mb,moviepy,55252384,5.074015
10.022795,6746802,1.401292,6Mb,moviepy,55252384,7.325464
10.164237,6746802,1.361247,6Mb,moviepy,55252384,6.309092
10.050835,6746802,1.310835,6Mb,moviepy,55252384,5.29362
9.997319,6746802,1.402296,6Mb,moviepy,55252384,7.867233
9.956829,6746802,1.346067,6Mb,moviepy,55252384,4.947391
9.945957,6746802,1.350077,6Mb,moviepy,55252384,7.961308
9.890906,6746802,1.374024,6Mb,moviepy,55252384,4.97678
9.958189,6746802,1.404626,6Mb,moviepy,55252384,6.270757
10.005898,6746802,1.351461,6Mb,moviepy,55252384,5.171691
10.058657,6746802,1.374109,6Mb,moviepy,55252384,6.825355
10.051164,6746802,1.332289,6Mb,moviepy,55252384,8.065132
9.925257,6746802,1.342497,6Mb,moviepy,55252384,4.912684
10.000792,6746802,1.359963,6Mb,moviepy,55252384,7.248712
10.035428,6746802,1.325492,6Mb,moviepy,55252384,5.131366
10.004254,6746802,1.376036,6Mb,moviepy,55252384,6.147608
10.061898,6746802,1.3418,6Mb,moviepy,55252384,7.080319
9.931091,6746802,1.355597,6Mb,moviepy,55252384,7.483459
9.980014,6746802,1.34654,6Mb,moviepy,55252384,5.273726
9.967565,6746802,1.388412,6Mb,moviepy,55252384,4.841574
9.974272,6746802,1.323461,6Mb,moviepy,55252384,4.801759
10.032536,6746802,1.345576,6Mb,moviepy,55252384,5.002283
9.873822,6746802,1.421539,6Mb,moviepy,55252384,5.136422
9.951236,6746802,1.36216,6Mb,moviepy,55252384,4.894175
10.021139,6746802,6.575291,6Mb,moviepy,55252384,5.494315
10.025414,6746802,1.303132,6Mb,moviepy,55252384,6.540838
10.032878,6746802,1.304124,6Mb,moviepy,55252384,7.131433
9.988416,6746802,1.266826,6Mb,moviepy,55252384,4.873067
9.966631,6746802,1.316653,6Mb,moviepy,55252384,5.078347
10.05061,6746802,1.395449,6Mb,moviepy,55252384,5.438658
9.949583,6746802,1.336867,6Mb,moviepy,55252384,5.007772
10.016482,6746802,1.347802,6Mb,moviepy,55252384,6.77567
9.940417,6746802,1.409936,6Mb,moviepy,55252384,4.979134
9.982536,6746802,1.322713,6Mb,moviepy,55252384,5.236508
10.009471,6746802,1.417855,6Mb,moviepy,55252384,7.139403
9.979935,6746802,1.33971,6Mb,moviepy,55252384,6.969241
9.973438,6746802,1.284131,6Mb,moviepy,55252384,6.879276
9.914339,6746802,1.35091,6Mb,moviepy,55252384,5.029534
9.988378,6746802,1.356789,6Mb,moviepy,55252384,5.064723
9.974429,6746802,1.331664,6Mb,moviepy,55252384,5.60324
10.092979,6746802,1.328994,6Mb,moviepy,55252384,5.074807
9.965655,6746802,1.352944,6Mb,moviepy,55252384,5.107916
10.021143,6746802,1.331891,6Mb,moviepy,55252384,5.334807
10.030627,6746802,1.297577,6Mb,moviepy,55252384,7.353924
10.032781,6746802,1.425204,6Mb,moviepy,55252384,4.946633
10.015097,6746802,1.463883,6Mb,moviepy,55252384,6.673745
10.007222,6746802,1.331084,6Mb,moviepy,55252384,6.797464
9.973195,6746802,1.279244,6Mb,moviepy,55252384,5.29581
9.999793,6746802,1.325251,6Mb,moviepy,55252384,4.896285
10.08299,6746802,1.379873,6Mb,moviepy,55252384,4.833147
9.934561,6746802,1.333607,6Mb,moviepy,55252384,5.385207
9.982972,6746802,1.34249,6Mb,moviepy,55252384,6.62042
9.992364,6746802,2.208485,6Mb,moviepy,55252384,5.718088
10.009841,6746802,1.296989,6Mb,moviepy,55252384,5.36434
9.988048,6746802,3.162337,6Mb,moviepy,55252384,5.281639
10.028629,6746802,1.287432,6Mb,moviepy,55252384,6.342259
9.969168,6746802,1.337349,6Mb,moviepy,55252384,7.227595
10.016094,6746802,1.239504,6Mb,moviepy,55252384,4.97153
10.06356,6746802,1.320327,6Mb,moviepy,55252384,5.053235
10.041047,6746802,1.406427,6Mb,moviepy,55252384,5.895275
10.059849,6746802,1.300477,6Mb,moviepy,55252384,5.051097
9.972601,6746802,1.27461,6Mb,moviepy,55252384,5.711597
9.998306,6746802,1.300548,6Mb,moviepy,55252384,6.723305
9.947312,6746802,2.126182,6Mb,moviepy,55252384,5.231507
10.104439,6746802,1.272832,6Mb,moviepy,55252384,6.297792
9.978224,6746802,1.383855,6Mb,moviepy,55252384,5.01214
10.080115,6746802,1.422584,6Mb,moviepy,55252384,6.109332
9.994082,6746802,1.279217,6Mb,moviepy,55252384,9.095914
9.986766,6746802,1.400108,6Mb,moviepy,55252384,6.241629
10.029093,6746802,1.358293,6Mb,moviepy,55252384,6.566044
10.028432,6746802,1.427963,6Mb,moviepy,55252384,5.224418
10.038185,6746802,1.352911,6Mb,moviepy,55252384,5.230975
9.949121,6746802,1.231365,6Mb,moviepy,55252384,6.083443
9.941384,6746802,1.276216,6Mb,moviepy,55252384,5.517119
9.969547,6746802,1.31849,6Mb,moviepy,55252384,5.953621
9.946535,6746802,1.312736,6Mb,moviepy,55252384,7.32336
10.028586,6746802,1.403374,6Mb,moviepy,55252384,6.597331
10.017794,6746802,1.320736,6Mb,moviepy,55252384,6.979672
10.034585,6746802,1.396856,6Mb,moviepy,55252384,4.987388
10.070169,6746802,1.369526,6Mb,moviepy,55252384,7.182316
9.966647,6746802,1.310201,6Mb,moviepy,55252384,4.990164
10.19428,6746802,1.332608,6Mb,moviepy,55252384,7.325086
10.050683,6746802,1.349486,6Mb,moviepy,55252384,5.076819
9.965,6746802,3.245749,6Mb,moviepy,55252384,5.314094
9.97397,6746802,1.325364,6Mb,moviepy,55252384,6.067786
10.058952,6746802,1.342973,6Mb,moviepy,55252384,4.881879
9.995648,6746802,1.313902,6Mb,moviepy,55252384,6.386453
10.053812,6746802,4.089458,6Mb,moviepy,55252384,5.11486
9.973147,6746802,1.358792,6Mb,moviepy,55252384,11.682492
10.053072,6746802,1.243838,6Mb,moviepy,55252384,7.262565
9.954408,6746802,1.442646,6Mb,moviepy,55252384,6.912515
10.046648,6746802,1.298419,6Mb,moviepy,55252384,5.140932
10.02617,6746802,1.332074,6Mb,moviepy,55252384,6.163479
9.985733,6746802,1.445503,6Mb,moviepy,55252384,4.987616
9.97551,6746802,1.26183,6Mb,moviepy,55252384,5.588327
9.964598,6746802,1.447917,6Mb,moviepy,55252384,5.188231
9.973544,6746802,1.366121,6Mb,moviepy,55252384,5.288882
10.002032,6746802,1.432009,6Mb,moviepy,55252384,5.548828
2.703029,6746802,1.279757,6Mb,ffmpeg,28165010,4.283934
2.689918,6746802,4.584977,6Mb,ffmpeg,28165010,4.469983
2.699493,6746802,5.450136,6Mb,ffmpeg,28165010,3.519635
2.758741,6746802,1.35337,6Mb,ffmpeg,28165010,4.303282
2.717601,6746802,1.31825,6Mb,ffmpeg,28165010,3.448754
2.698935,6746802,1.303453,6Mb,ffmpeg,28165010,3.503594
2.752598,6746802,1.350495,6Mb,ffmpeg,28165010,4.36141
2.700307,6746802,5.667489,6Mb,ffmpeg,28165010,3.986764
2.721382,6746802,1.233232,6Mb,ffmpeg,28165010,4.988344
2.706379,6746802,2.127497,6Mb,ffmpeg,28165010,4.108698
2.705219,6746802,1.285512,6Mb,ffmpeg,28165010,3.383902
2.692414,6746802,1.356421,6Mb,ffmpeg,28165010,3.347379
2.695353,6746802,1.412551,6Mb,ffmpeg,28165010,4.102055
2.702535,6746802,1.322537,6Mb,ffmpeg,28165010,3.015258
2.765506,6746802,1.344087,6Mb,ffmpeg,28165010,4.690615
2.695719,6746802,1.321117,6Mb,ffmpeg,28165010,3.15808
2.664574,6746802,1.360716,6Mb,ffmpeg,28165010,4.572902
2.745359,6746802,1.425087,6Mb,ffmpeg,28165010,9.475737
2.712882,6746802,1.300225,6Mb,ffmpeg,28165010,4.437631
2.688603,6746802,1.44701,6Mb,ffmpeg,28165010,4.206739
2.715672,6746802,1.300826,6Mb,ffmpeg,28165010,3.437583
2.725244,6746802,1.328572,6Mb,ffmpeg,28165010,3.300825
2.719794,6746802,1.344857,6Mb,ffmpeg,28165010,3.272337
2.693977,6746802,1.301171,6Mb,ffmpeg,28165010,3.4156
2.690527,6746802,1.229212,6Mb,ffmpeg,28165010,4.067886
2.708791,6746802,1.365704,6Mb,ffmpeg,28165010,4.212196
2.702451,6746802,4.13916,6Mb,ffmpeg,28165010,3.273518
2.777647,6746802,1.242751,6Mb,ffmpeg,28165010,3.021595
2.734072,6746802,1.338798,6Mb,ffmpeg,28165010,3.036205
2.802891,6746802,1.434802,6Mb,ffmpeg,28165010,3.242193
2.734067,6746802,1.465607,6Mb,ffmpeg,28165010,3.39668
2.738205,6746802,1.272142,6Mb,ffmpeg,28165010,3.9179
2.691062,6746802,1.320472,6Mb,ffmpeg,28165010,3.333469
2.781678,6746802,1.417864,6Mb,ffmpeg,28165010,3.381955
2.733772,6746802,1.384838,6Mb,ffmpeg,28165010,6.400567
2.732595,6746802,1.3408,6Mb,ffmpeg,28165010,3.927326
2.824615,6746802,4.600158,6Mb,ffmpeg,28165010,3.931879
2.75725,6746802,1.242492,6Mb,ffmpeg,28165010,3.155182
2.703862,6746802,1.283128,6Mb,ffmpeg,28165010,3.013965
2.7194,6746802,5.593192,6Mb,ffmpeg,28165010,3.355322
2.804414,6746802,1.321525,6Mb,ffmpeg,28165010,3.488048
2.749267,6746802,1.364487,6Mb,ffmpeg,28165010,4.526973
2.764681,6746802,1.33218,6Mb,ffmpeg,28165010,3.250335
2.700599,6746802,1.292323,6Mb,ffmpeg,28165010,3.943082
2.707257,6746802,1.328419,6Mb,ffmpeg,28165010,3.954433
2.711947,6746802,1.324698,6Mb,ffmpeg,28165010,3.817224
2.711504,6746802,1.301743,6Mb,ffmpeg,28165010,3.605534
2.713451,6746802,1.342803,6Mb,ffmpeg,28165010,10.680309
2.745376,6746802,4.127821,6Mb,ffmpeg,28165010,3.741009
2.70299,6746802,1.398863,6Mb,ffmpeg,28165010,5.502964
2.716917,6746802,1.283457,6Mb,ffmpeg,28165010,3.381464
2.761301,6746802,1.200711,6Mb,ffmpeg,28165010,3.875008
2.707601,6746802,1.290094,6Mb,ffmpeg,28165010,3.979919
2.727769,6746802,1.372536,6Mb,ffmpeg,28165010,3.997888
2.739284,6746802,1.346899,6Mb,ffmpeg,28165010,3.885404
2.714027,6746802,1.349523,6Mb,ffmpeg,28165010,4.174763
2.717729,6746802,1.273102,6Mb,ffmpeg,28165010,3.635939
2.708295,6746802,1.336771,6Mb,ffmpeg,28165010,4.312736
2.701538,6746802,1.256708,6Mb,ffmpeg,28165010,3.331923
2.710256,6746802,2.553573,6Mb,ffmpeg,28165010,4.44965
2.74251,6746802,1.374233,6Mb,ffmpeg,28165010,3.914697
2.779633,6746802,1.387538,6Mb,ffmpeg,28165010,3.425348
2.718353,6746802,1.377889,6Mb,ffmpeg,28165010,4.620565
2.725661,6746802,1.289957,6Mb,ffmpeg,28165010,4.524854
2.722664,6746802,1.282989,6Mb,ffmpeg,28165010,3.096943
2.68775,6746802,1.393628,6Mb,ffmpeg,28165010,3.91628
2.785803,6746802,1.313549,6Mb,ffmpeg,28165010,2.984908
2.706145,6746802,1.416982,6Mb,ffmpeg,28165010,3.856686
2.731505,6746802,1.341175,6Mb,ffmpeg,28165010,3.462395
2.702346,6746802,1.37067,6Mb,ffmpeg,28165010,4.360065
2.725211,6746802,1.36227,6Mb,ffmpeg,28165010,3.320253
2.709143,6746802,1.233874,6Mb,ffmpeg,28165010,3.15421
2.691313,6746802,1.35233,6Mb,ffmpeg,28165010,3.138805
2.673505,6746802,1.345213,6Mb,ffmpeg,28165010,8.844466
2.692063,6746802,1.292904,6Mb,ffmpeg,28165010,4.713937
2.726426,6746802,1.261729,6Mb,ffmpeg,28165010,3.701913
2.740174,6746802,1.334754,6Mb,ffmpeg,28165010,3.418521
2.823577,6746802,1.640043,6Mb,ffmpeg,28165010,4.131441
2.695047,6746802,7.133968,6Mb,ffmpeg,28165010,3.038608
2.726288,6746802,1.315012,6Mb,ffmpeg,28165010,3.06447
2.746492,6746802,1.28731,6Mb,ffmpeg,28165010,2.898045
2.860215,6746802,4.908122,6Mb,ffmpeg,28165010,4.338772
2.733648,6746802,1.304159,6Mb,ffmpeg,28165010,4.542034
2.737627,6746802,1.393725,6Mb,ffmpeg,28165010,4.682041
2.700641,6746802,5.19221,6Mb,ffmpeg,28165010,4.177171
2.73063,6746802,1.51286,6Mb,ffmpeg,28165010,4.23141
2.825107,6746802,1.3161,6Mb,ffmpeg,28165010,3.189714
2.71977,6746802,1.343781,6Mb,ffmpeg,28165010,3.126361
2.750897,6746802,1.358794,6Mb,ffmpeg,28165010,4.550214
2.804302,6746802,1.33441,6Mb,ffmpeg,28165010,3.389049
2.752481,6746802,1.352457,6Mb,ffmpeg,28165010,4.621518
2.73226,6746802,1.430797,6Mb,ffmpeg,28165010,4.443982
2.733342,6746802,1.379732,6Mb,ffmpeg,28165010,4.017425
2.71904,6746802,1.365599,6Mb,ffmpeg,28165010,3.934541
2.724408,6746802,1.298903,6Mb,ffmpeg,28165010,3.919875
2.72543,6746802,1.392789,6Mb,ffmpeg,28165010,4.388318
2.690866,6746802,1.319098,6Mb,ffmpeg,28165010,4.301212
2.72696,6746802,1.238146,6Mb,ffmpeg,28165010,4.599218
2.76359,6746802,1.332771,6Mb,ffmpeg,28165010,2.719394
2.832787,6746802,1.321287,6Mb,ffmpeg,28165010,6.347516
9.893458,6746802,6.030815,6Mb,imageio,55218640,5.018213
9.86955,6746802,1.359146,6Mb,imageio,55218640,4.855176
9.90141,6746802,5.757238,6Mb,imageio,55218640,10.367108
9.953309,6746802,1.346188,6Mb,imageio,55218640,4.927701
9.88133,6746802,2.436646,6Mb,imageio,55218640,6.374228
9.874329,6746802,1.367227,6Mb,imageio,55218640,6.800155
9.922534,6746802,1.26893,6Mb,imageio,55218640,4.903098
9.877935,6746802,1.359025,6Mb,imageio,55218640,7.249001
9.928553,6746802,1.324814,6Mb,imageio,55218640,5.779665
9.900209,6746802,1.346277,6Mb,imageio,55218640,6.298035
9.866679,6746802,6.853219,6Mb,imageio,55218640,5.365837
9.855948,6746802,4.161711,6Mb,imageio,55218640,7.406468
9.909439,6746802,1.310959,6Mb,imageio,55218640,5.280001
9.940437,6746802,1.291631,6Mb,imageio,55218640,5.605413
9.893891,6746802,1.368517,6Mb,imageio,55218640,6.995764
9.965974,6746802,1.323951,6Mb,imageio,55218640,7.758757
9.937664,6746802,1.339721,6Mb,imageio,55218640,5.0181
9.828032,6746802,1.256667,6Mb,imageio,55218640,5.169165
9.862919,6746802,3.986796,6Mb,imageio,55218640,7.333599
9.851748,6746802,1.34286,6Mb,imageio,55218640,8.853389
9.918635,6746802,4.796756,6Mb,imageio,55218640,4.71973
9.976542,6746802,1.265395,6Mb,imageio,55218640,4.834565
9.86903,6746802,1.353319,6Mb,imageio,55218640,8.891657
9.847822,6746802,1.35978,6Mb,imageio,55218640,6.296356
9.825331,6746802,1.384521,6Mb,imageio,55218640,10.163305
9.902604,6746802,1.397037,6Mb,imageio,55218640,6.68997
9.882569,6746802,1.416799,6Mb,imageio,55218640,6.502201
9.866747,6746802,1.394833,6Mb,imageio,55218640,6.677955
9.858117,6746802,1.334097,6Mb,imageio,55218640,8.043701
9.835581,6746802,1.296511,6Mb,imageio,55218640,8.747593
9.951307,6746802,1.391445,6Mb,imageio,55218640,5.948853
9.895857,6746802,1.375483,6Mb,imageio,55218640,5.094395
9.914429,6746802,1.386046,6Mb,imageio,55218640,5.254924
9.849792,6746802,2.264606,6Mb,imageio,55218640,6.745763
9.883916,6746802,5.662182,6Mb,imageio,55218640,6.457213
9.989796,6746802,1.439641,6Mb,imageio,55218640,5.432143
9.99126,6746802,1.350911,6Mb,imageio,55218640,5.6123
9.853798,6746802,1.386432,6Mb,imageio,55218640,5.355884
9.940507,6746802,1.28226,6Mb,imageio,55218640,6.220037
9.868975,6746802,1.368039,6Mb,imageio,55218640,5.974435
9.841761,6746802,1.380476,6Mb,imageio,55218640,5.278278
9.87617,6746802,1.360106,6Mb,imageio,55218640,5.007403
9.915955,6746802,1.326476,6Mb,imageio,55218640,4.949127
9.868934,6746802,1.415947,6Mb,imageio,55218640,4.699081
9.889014,6746802,1.299708,6Mb,imageio,55218640,6.382251
9.842371,6746802,1.361436,6Mb,imageio,55218640,5.05065
9.889387,6746802,1.391182,6Mb,imageio,55218640,6.161864
9.875711,6746802,1.344193,6Mb,imageio,55218640,6.743429
9.870583,6746802,1.318227,6Mb,imageio,55218640,5.075128
9.877273,6746802,1.34879,6Mb,imageio,55218640,4.883015
9.889,6746802,5.193686,6Mb,imageio,55218640,5.211029
9.882497,6746802,1.35101,6Mb,imageio,55218640,5.532243
9.931568,6746802,1.3358,6Mb,imageio,55218640,5.68482
9.894801,6746802,1.298913,6Mb,imageio,55218640,5.158588
9.917301,6746802,1.345734,6Mb,imageio,55218640,5.112036
10.045805,6746802,1.405888,6Mb,imageio,55218640,5.107046
9.956904,6746802,1.309855,6Mb,imageio,55218640,5.988048
9.912911,6746802,1.35511,6Mb,imageio,55218640,4.99635
9.886913,6746802,1.404793,6Mb,imageio,55218640,7.036423
9.903192,6746802,1.742656,6Mb,imageio,55218640,5.531015
9.908249,6746802,1.403016,6Mb,imageio,55218640,6.085177
9.951823,6746802,1.354565,6Mb,imageio,55218640,7.084788
9.880371,6746802,1.26308,6Mb,imageio,55218640,6.877839
9.939953,6746802,1.259427,6Mb,imageio,55218640,9.327559
9.889868,6746802,1.302835,6Mb,imageio,55218640,6.907827
9.879629,6746802,1.359276,6Mb,imageio,55218640,5.552411
9.89804,6746802,5.049294,6Mb,imageio,55218640,6.123607
9.958419,6746802,3.841618,6Mb,imageio,55218640,8.251875
9.856957,6746802,1.328791,6Mb,imageio,55218640,9.125636
9.939476,6746802,1.299517,6Mb,imageio,55218640,14.930798
9.917427,6746802,1.24269,6Mb,imageio,55218640,6.151857
9.924314,6746802,1.387682,6Mb,imageio,55218640,9.879514
9.928428,6746802,1.380028,6Mb,imageio,55218640,6.731663
9.863546,6746802,3.473583,6Mb,imageio,55218640,5.488509
9.89025,6746802,1.329275,6Mb,imageio,55218640,6.404303
9.909165,6746802,1.364502,6Mb,imageio,55218640,5.434964
9.849551,6746802,1.321171,6Mb,imageio,55218640,6.977353
9.865499,6746802,1.411545,6Mb,imageio,55218640,7.876792
9.834735,6746802,1.369027,6Mb,imageio,55218640,5.331715
9.857073,6746802,1.339641,6Mb,imageio,55218640,4.955756
9.844366,6746802,1.355755,6Mb,imageio,55218640,5.381736
9.841944,6746802,4.543893,6Mb,imageio,55218640,5.287304
9.860165,6746802,1.32508,6Mb,imageio,55218640,5.457095
9.825875,6746802,1.484943,6Mb,imageio,55218640,5.911933
9.886588,6746802,1.308234,6Mb,imageio,55218640,5.532796
9.889609,6746802,1.305652,6Mb,imageio,55218640,5.249565
9.875662,6746802,1.272831,6Mb,imageio,55218640,6.059414
9.887074,6746802,1.365883,6Mb,imageio,55218640,4.953062
9.896874,6746802,5.095398,6Mb,imageio,55218640,5.616676
9.882603,6746802,1.278442,6Mb,imageio,55218640,6.536215
9.856708,6746802,5.721351,6Mb,imageio,55218640,5.22569
9.941536,6746802,1.342972,6Mb,imageio,55218640,5.253866
9.879481,6746802,1.386737,6Mb,imageio,55218640,7.27402
9.948536,6746802,1.284632,6Mb,imageio,55218640,6.492642
9.904631,6746802,1.344048,6Mb,imageio,55218640,5.18345
9.919622,6746802,1.318501,6Mb,imageio,55218640,7.430235
9.933798,6746802,5.969829,6Mb,imageio,55218640,6.490822
9.857766,6746802,1.340396,6Mb,imageio,55218640,5.510709
9.928455,6746802,5.747712,6Mb,imageio,55218640,5.160886
9.950735,6746802,1.235661,6Mb,imageio,55218640,6.835877
9.576964,6746802,1.358501,6Mb,opencv,55252384,6.795997
9.568165,6746802,1.403807,6Mb,opencv,55252384,7.133701
9.556395,6746802,1.245812,6Mb,opencv,55252384,8.799406
9.648721,6746802,1.374621,6Mb,opencv,55252384,7.154766
9.627839,6746802,1.341432,6Mb,opencv,55252384,5.40467
9.590249,6746802,1.407705,6Mb,opencv,55252384,7.916667
9.645881,6746802,1.352005,6Mb,opencv,55252384,4.752839
9.595302,6746802,1.236828,6Mb,opencv,55252384,7.515396
9.668344,6746802,1.2773,6Mb,opencv,55252384,4.656596
9.549602,6746802,1.320046,6Mb,opencv,55252384,5.043801
9.557383,6746802,1.342068,6Mb,opencv,55252384,4.697067
9.562565,6746802,1.28517,6Mb,opencv,55252384,6.096698
9.561886,6746802,1.240466,6Mb,opencv,55252384,8.300055
9.62279,6746802,1.257339,6Mb,opencv,55252384,6.878605
9.6262,6746802,1.386468,6Mb,opencv,55252384,5.45345
9.530386,6746802,3.059559,6Mb,opencv,55252384,6.600358
9.54815,6746802,1.259557,6Mb,opencv,55252384,4.937329
9.611028,6746802,3.261536,6Mb,opencv,55252384,4.924558
9.605475,6746802,1.383108,6Mb,opencv,55252384,4.89277
9.588577,6746802,1.260005,6Mb,opencv,55252384,4.975626
9.584652,6746802,1.41332,6Mb,opencv,55252384,4.829758
9.550976,6746802,1.359255,6Mb,opencv,55252384,9.69883
9.627831,6746802,1.308213,6Mb,opencv,55252384,4.778913
9.586275,6746802,1.265052,6Mb,opencv,55252384,5.880935
9.676943,6746802,1.340675,6Mb,opencv,55252384,4.902502
9.558585,6746802,1.270612,6Mb,opencv,55252384,7.060716
9.557747,6746802,1.345121,6Mb,opencv,55252384,5.339475
9.535911,6746802,1.310492,6Mb,opencv,55252384,4.857039
9.579634,6746802,1.417211,6Mb,opencv,55252384,5.121019
9.564358,6746802,1.289642,6Mb,opencv,55252384,5.130576
9.560073,6746802,1.415945,6Mb,opencv,55252384,7.107577
9.539681,6746802,1.333974,6Mb,opencv,55252384,4.830826
9.655036,6746802,1.407314,6Mb,opencv,55252384,5.10729
9.547868,6746802,1.242997,6Mb,opencv,55252384,7.074706
9.563629,6746802,1.40188,6Mb,opencv,55252384,5.166853
9.648634,6746802,1.315827,6Mb,opencv,55252384,4.779653
9.561215,6746802,1.352137,6Mb,opencv,55252384,5.326143
9.552096,6746802,1.350868,6Mb,opencv,55252384,5.505785
9.546386,6746802,3.814832,6Mb,opencv,55252384,4.790332
9.565997,6746802,4.881045,6Mb,opencv,55252384,8.385212
9.54309,6746802,1.278862,6Mb,opencv,55252384,5.416752
10.137164,6746802,1.279837,6Mb,opencv,55252384,5.370813
9.981704,6746802,1.381081,6Mb,opencv,55252384,4.871355
9.55898,6746802,1.396066,6Mb,opencv,55252384,10.200737
9.700554,6746802,1.315348,6Mb,opencv,55252384,4.583558
9.526157,6746802,1.428012,6Mb,opencv,55252384,4.994827
9.647956,6746802,1.396449,6Mb,opencv,55252384,9.44701
9.555047,6746802,1.328747,6Mb,opencv,55252384,5.403474
9.581014,6746802,1.318046,6Mb,opencv,55252384,5.427428
9.577292,6746802,1.332436,6Mb,opencv,55252384,6.794681
9.581067,6746802,1.336324,6Mb,opencv,55252384,5.117301
9.629336,6746802,1.387079,6Mb,opencv,55252384,6.917519
9.551362,6746802,1.292416,6Mb,opencv,55252384,5.024052
9.558707,6746802,1.364789,6Mb,opencv,55252384,8.069613
9.653525,6746802,1.350443,6Mb,opencv,55252384,6.756081
9.604623,6746802,1.341751,6Mb,opencv,55252384,5.134077
9.602386,6746802,1.298791,6Mb,opencv,55252384,7.482808
9.620688,6746802,1.331065,6Mb,opencv,55252384,4.868173
9.531874,6746802,1.284576,6Mb,opencv,55252384,6.60352
9.560269,6746802,1.373412,6Mb,opencv,55252384,6.445879
9.549407,6746802,1.370089,6Mb,opencv,55252384,6.907897
9.595727,6746802,3.647918,6Mb,opencv,55252384,4.884707
9.668407,6746802,1.294906,6Mb,opencv,55252384,5.359826
9.584583,6746802,3.259188,6Mb,opencv,55252384,4.639794
9.570917,6746802,1.372583,6Mb,opencv,55252384,7.97395
9.613172,6746802,1.326332,6Mb,opencv,55252384,4.890394
9.599751,6746802,1.293236,6Mb,opencv,55252384,5.608895
9.677831,6746802,1.368045,6Mb,opencv,55252384,7.172005
9.571645,6746802,1.383956,6Mb,opencv,55252384,4.642541
9.618326,6746802,1.251431,6Mb,opencv,55252384,5.134911
9.644362,6746802,1.321158,6Mb,opencv,55252384,5.690386
9.571266,6746802,1.408872,6Mb,opencv,55252384,5.556491
9.574801,6746802,1.313819,6Mb,opencv,55252384,4.992667
9.556625,6746802,1.335251,6Mb,opencv,55252384,5.553065
9.609849,6746802,1.337189,6Mb,opencv,55252384,5.127851
9.550895,6746802,1.231343,6Mb,opencv,55252384,5.065385
9.582028,6746802,1.374244,6Mb,opencv,55252384,5.127007
9.567582,6746802,1.26256,6Mb,opencv,55252384,5.351987
9.577289,6746802,1.386545,6Mb,opencv,55252384,5.183714
9.54982,6746802,1.424975,6Mb,opencv,55252384,6.06243
9.593892,6746802,1.37318,6Mb,opencv,55252384,5.440805
9.773131,6746802,4.342927,6Mb,opencv,55252384,7.13553
9.607363,6746802,1.342588,6Mb,opencv,55252384,6.7404
9.607829,6746802,1.300828,6Mb,opencv,55252384,5.169157
9.607476,6746802,1.437922,6Mb,opencv,55252384,4.661395
9.568125,6746802,1.351959,6Mb,opencv,55252384,4.925233
9.704247,6746802,1.248103,6Mb,opencv,55252384,4.870341
9.53995,6746802,1.334237,6Mb,opencv,55252384,7.116146
9.610331,6746802,1.390302,6Mb,opencv,55252384,4.916141
9.54335,6746802,1.342126,6Mb,opencv,55252384,5.638454
9.609324,6746802,1.360018,6Mb,opencv,55252384,5.424545
9.591906,6746802,1.369781,6Mb,opencv,55252384,7.440294
9.570442,6746802,1.287717,6Mb,opencv,55252384,4.978487
9.541805,6746802,1.256853,6Mb,opencv,55252384,5.368491
9.571094,6746802,1.275574,6Mb,opencv,55252384,5.840515
9.521147,6746802,1.345288,6Mb,opencv,55252384,4.806373
9.518875,6746802,1.329203,6Mb,opencv,55252384,7.030393
9.559865,6746802,1.316747,6Mb,opencv,55252384,5.22009
9.579485,6746802,1.524484,6Mb,opencv,55252384,5.409109
9.577511,6746802,1.342611,6Mb,opencv,55252384,6.589946
